CaseName	Always	Always	Always	Always	Always	Always	Always	Always	Always	Always	Always	Always	Always	Always	Always	Always	Always	Always	Always	Discount rate	CB3	CB4	CB5	2050Target	Nuclear	CCS	Renewables Target
cases11ya	base	newagr	newelc	newind	newprc	newres	newrsr	newser	newtra	refscenario	syssettings	uc_base	uc_elc	uc_ind	uc_prc	uc_res	uc_rsr	uc_ser	uc_tra	discount_stern	cb3-hit	cb4-missed	cb5-1000	2050-target-hit	NIL	NIL	re_target
cases124h	base	newagr	newelc	newind	newprc	newres	newrsr	newser	newtra	refscenario	syssettings	uc_base	uc_elc	uc_ind	uc_prc	uc_res	uc_rsr	uc_ser	uc_tra	discount_stern	cb3-hit	cb4-missed	cb5-1100	2050-target-hit	NIL	NIL	NIL
cases1287	base	newagr	newelc	newind	newprc	newres	newrsr	newser	newtra	refscenario	syssettings	uc_base	uc_elc	uc_ind	uc_prc	uc_res	uc_rsr	uc_ser	uc_tra	discount_stern	cb3-hit	cb4-missed	cb5-1100	2050-target-abandoned	NIL	NIL	NIL
cases12jd	base	newagr	newelc	newind	newprc	newres	newrsr	newser	newtra	refscenario	syssettings	uc_base	uc_elc	uc_ind	uc_prc	uc_res	uc_rsr	uc_ser	uc_tra	discount_stern	cb3-hit	cb4-missed	cb5-1300	2050-target-hit	NIL	uc_noccs	NIL
cases12xv	base	newagr	newelc	newind	newprc	newres	newrsr	newser	newtra	refscenario	syssettings	uc_base	uc_elc	uc_ind	uc_prc	uc_res	uc_rsr	uc_ser	uc_tra	discount_stern	cb3-hit	cb4-missed	cb5-1500	2050-target-hit	NIL	NIL	NIL
cases131d	base	newagr	newelc	newind	newprc	newres	newrsr	newser	newtra	refscenario	syssettings	uc_base	uc_elc	uc_ind	uc_prc	uc_res	uc_rsr	uc_ser	uc_tra	discount_stern	cb3-hit	cb4-missed	cb5-1500	2050-target-abandoned	NIL	NIL	NIL
cases137n	base	newagr	newelc	newind	newprc	newres	newrsr	newser	newtra	refscenario	syssettings	uc_base	uc_elc	uc_ind	uc_prc	uc_res	uc_rsr	uc_ser	uc_tra	discount_stern	cb3-hit	cb4-missed	cb5-1500	2050-target-abandoned	NIL	NIL	NIL
cases13nb	base	newagr	newelc	newind	newprc	newres	newrsr	newser	newtra	refscenario	syssettings	uc_base	uc_elc	uc_ind	uc_prc	uc_res	uc_rsr	uc_ser	uc_tra	discount_stern	cb3-hit	cb4-missed	cb5-1700	2050-target-abandoned	NIL	NIL	NIL
cases140o	base	newagr	newelc	newind	newprc	newres	newrsr	newser	newtra	refscenario	syssettings	uc_base	uc_elc	uc_ind	uc_prc	uc_res	uc_rsr	uc_ser	uc_tra	discount_stern	cb3-hit	cb4-missed	cb5-1900	2050-target-abandoned	NIL	uc_noccs	re_target
cases145f	base	newagr	newelc	newind	newprc	newres	newrsr	newser	newtra	refscenario	syssettings	uc_base	uc_elc	uc_ind	uc_prc	uc_res	uc_rsr	uc_ser	uc_tra	discount_stern	cb3-hit	cb4-missed	cb5-2000	2050-target-hit	uc_nonuc	NIL	NIL
cases1483	base	newagr	newelc	newind	newprc	newres	newrsr	newser	newtra	refscenario	syssettings	uc_base	uc_elc	uc_ind	uc_prc	uc_res	uc_rsr	uc_ser	uc_tra	discount_stern	cb3-hit	cb4-missed	cb5-2000	2050-target-abandoned	NIL	NIL	NIL
cases14b6	base	newagr	newelc	newind	newprc	newres	newrsr	newser	newtra	refscenario	syssettings	uc_base	uc_elc	uc_ind	uc_prc	uc_res	uc_rsr	uc_ser	uc_tra	discount_stern	cb3-hit	cb4-missed	cb5-2100	2050-target-hit	NIL	NIL	re_target
cases14e8	base	newagr	newelc	newind	newprc	newres	newrsr	newser	newtra	refscenario	syssettings	uc_base	uc_elc	uc_ind	uc_prc	uc_res	uc_rsr	uc_ser	uc_tra	discount_stern	cb3-hit	cb4-missed	cb5-2100	2050-target-abandoned	NIL	NIL	re_target
cases14i	base	newagr	newelc	newind	newprc	newres	newrsr	newser	newtra	refscenario	syssettings	uc_base	uc_elc	uc_ind	uc_prc	uc_res	uc_rsr	uc_ser	uc_tra	discount_private	cb3-beat	cb4-missed	cb5-1500	2050-target-abandoned	NIL	NIL	re_target
cases14jb	base	newagr	newelc	newind	newprc	newres	newrsr	newser	newtra	refscenario	syssettings	uc_base	uc_elc	uc_ind	uc_prc	uc_res	uc_rsr	uc_ser	uc_tra	discount_stern	cb3-hit	cb4-missed	cb5-2200	2050-target-hit	NIL	NIL	NIL
cases1500	base	newagr	newelc	newind	newprc	newres	newrsr	newser	newtra	refscenario	syssettings	uc_base	uc_elc	uc_ind	uc_prc	uc_res	uc_rsr	uc_ser	uc_tra	discount_stern	cb3-hit	cb4-missed	cb5-2400	2050-target-abandoned	NIL	NIL	re_target
cases150k	base	newagr	newelc	newind	newprc	newres	newrsr	newser	newtra	refscenario	syssettings	uc_base	uc_elc	uc_ind	uc_prc	uc_res	uc_rsr	uc_ser	uc_tra	discount_stern	cb3-hit	cb4-missed	cb5-2400	2050-target-abandoned	NIL	NIL	re_target
cases1551	base	newagr	newelc	newind	newprc	newres	newrsr	newser	newtra	refscenario	syssettings	uc_base	uc_elc	uc_ind	uc_prc	uc_res	uc_rsr	uc_ser	uc_tra	discount_stern	cb3-hit	cb4-missed	cb5-2500	2050-target-hit	uc_nonuc	NIL	NIL
cases15bq	base	newagr	newelc	newind	newprc	newres	newrsr	newser	newtra	refscenario	syssettings	uc_base	uc_elc	uc_ind	uc_prc	uc_res	uc_rsr	uc_ser	uc_tra	discount_stern	cb3-hit	cb4-missed	cb5-2600	2050-target-hit	NIL	NIL	re_target
cases15iu	base	newagr	newelc	newind	newprc	newres	newrsr	newser	newtra	refscenario	syssettings	uc_base	uc_elc	uc_ind	uc_prc	uc_res	uc_rsr	uc_ser	uc_tra	discount_stern	cb3-hit	cb4-missed	cb5-2700	2050-target-hit	NIL	NIL	re_target
cases15tk	base	newagr	newelc	newind	newprc	newres	newrsr	newser	newtra	refscenario	syssettings	uc_base	uc_elc	uc_ind	uc_prc	uc_res	uc_rsr	uc_ser	uc_tra	discount_stern	cb3-hit	cb4-missed	cb5-2800	2050-target-abandoned	NIL	uc_noccs	re_target
cases15vt	base	newagr	newelc	newind	newprc	newres	newrsr	newser	newtra	refscenario	syssettings	uc_base	uc_elc	uc_ind	uc_prc	uc_res	uc_rsr	uc_ser	uc_tra	discount_stern	cb3-hit	cb4-missed	cb5-2900	2050-target-hit	NIL	uc_noccs	NIL
cases15z6	base	newagr	newelc	newind	newprc	newres	newrsr	newser	newtra	refscenario	syssettings	uc_base	uc_elc	uc_ind	uc_prc	uc_res	uc_rsr	uc_ser	uc_tra	discount_stern	cb3-hit	cb4-missed	cb5-2900	2050-target-abandoned	NIL	NIL	re_target
cases18at	base	newagr	newelc	newind	newprc	newres	newrsr	newser	newtra	refscenario	syssettings	uc_base	uc_elc	uc_ind	uc_prc	uc_res	uc_rsr	uc_ser	uc_tra	discount_stern	cb3-hit	cb4-hit	cb5-1000	2050-target-hit	uc_nonuc	NIL	NIL
cases18hy	base	newagr	newelc	newind	newprc	newres	newrsr	newser	newtra	refscenario	syssettings	uc_base	uc_elc	uc_ind	uc_prc	uc_res	uc_rsr	uc_ser	uc_tra	discount_stern	cb3-hit	cb4-hit	cb5-1100	2050-target-hit	uc_nonuc	NIL	re_target
cases18jq	base	newagr	newelc	newind	newprc	newres	newrsr	newser	newtra	refscenario	syssettings	uc_base	uc_elc	uc_ind	uc_prc	uc_res	uc_rsr	uc_ser	uc_tra	discount_stern	cb3-hit	cb4-hit	cb5-1100	2050-target-abandoned	NIL	NIL	re_target
cases18kw	base	newagr	newelc	newind	newprc	newres	newrsr	newser	newtra	refscenario	syssettings	uc_base	uc_elc	uc_ind	uc_prc	uc_res	uc_rsr	uc_ser	uc_tra	discount_stern	cb3-hit	cb4-hit	cb5-1100	2050-target-abandoned	NIL	NIL	re_target
cases18n6	base	newagr	newelc	newind	newprc	newres	newrsr	newser	newtra	refscenario	syssettings	uc_base	uc_elc	uc_ind	uc_prc	uc_res	uc_rsr	uc_ser	uc_tra	discount_stern	cb3-hit	cb4-hit	cb5-1200	2050-target-hit	NIL	NIL	re_target
cases18qv	base	newagr	newelc	newind	newprc	newres	newrsr	newser	newtra	refscenario	syssettings	uc_base	uc_elc	uc_ind	uc_prc	uc_res	uc_rsr	uc_ser	uc_tra	discount_stern	cb3-hit	cb4-hit	cb5-1200	2050-target-abandoned	NIL	NIL	NIL
cases18s8	base	newagr	newelc	newind	newprc	newres	newrsr	newser	newtra	refscenario	syssettings	uc_base	uc_elc	uc_ind	uc_prc	uc_res	uc_rsr	uc_ser	uc_tra	discount_stern	cb3-hit	cb4-hit	cb5-1200	2050-target-abandoned	NIL	uc_noccs	re_target
cases18zm	base	newagr	newelc	newind	newprc	newres	newrsr	newser	newtra	refscenario	syssettings	uc_base	uc_elc	uc_ind	uc_prc	uc_res	uc_rsr	uc_ser	uc_tra	discount_stern	cb3-hit	cb4-hit	cb5-1300	2050-target-abandoned	uc_nonuc	NIL	re_target
cases19fr	base	newagr	newelc	newind	newprc	newres	newrsr	newser	newtra	refscenario	syssettings	uc_base	uc_elc	uc_ind	uc_prc	uc_res	uc_rsr	uc_ser	uc_tra	discount_stern	cb3-hit	cb4-hit	cb5-1500	2050-target-hit	NIL	NIL	NIL
cases19gg	base	newagr	newelc	newind	newprc	newres	newrsr	newser	newtra	refscenario	syssettings	uc_base	uc_elc	uc_ind	uc_prc	uc_res	uc_rsr	uc_ser	uc_tra	discount_stern	cb3-hit	cb4-hit	cb5-1500	2050-target-hit	NIL	NIL	re_target
cases19kl	base	newagr	newelc	newind	newprc	newres	newrsr	newser	newtra	refscenario	syssettings	uc_base	uc_elc	uc_ind	uc_prc	uc_res	uc_rsr	uc_ser	uc_tra	discount_stern	cb3-hit	cb4-hit	cb5-1500	2050-target-abandoned	NIL	NIL	NIL
cases19qf	base	newagr	newelc	newind	newprc	newres	newrsr	newser	newtra	refscenario	syssettings	uc_base	uc_elc	uc_ind	uc_prc	uc_res	uc_rsr	uc_ser	uc_tra	discount_stern	cb3-hit	cb4-hit	cb5-1600	2050-target-abandoned	NIL	NIL	NIL
cases19s6	base	newagr	newelc	newind	newprc	newres	newrsr	newser	newtra	refscenario	syssettings	uc_base	uc_elc	uc_ind	uc_prc	uc_res	uc_rsr	uc_ser	uc_tra	discount_stern	cb3-hit	cb4-hit	cb5-1600	2050-target-abandoned	uc_nonuc	NIL	re_target
cases19uq	base	newagr	newelc	newind	newprc	newres	newrsr	newser	newtra	refscenario	syssettings	uc_base	uc_elc	uc_ind	uc_prc	uc_res	uc_rsr	uc_ser	uc_tra	discount_stern	cb3-hit	cb4-hit	cb5-1700	2050-target-hit	NIL	NIL	re_target
cases19yw	base	newagr	newelc	newind	newprc	newres	newrsr	newser	newtra	refscenario	syssettings	uc_base	uc_elc	uc_ind	uc_prc	uc_res	uc_rsr	uc_ser	uc_tra	discount_stern	cb3-hit	cb4-hit	cb5-1700	2050-target-abandoned	NIL	uc_noccs	re_target
cases1a69	base	newagr	newelc	newind	newprc	newres	newrsr	newser	newtra	refscenario	syssettings	uc_base	uc_elc	uc_ind	uc_prc	uc_res	uc_rsr	uc_ser	uc_tra	discount_stern	cb3-hit	cb4-hit	cb5-1800	2050-target-abandoned	uc_nonuc	NIL	NIL
cases1afr	base	newagr	newelc	newind	newprc	newres	newrsr	newser	newtra	refscenario	syssettings	uc_base	uc_elc	uc_ind	uc_prc	uc_res	uc_rsr	uc_ser	uc_tra	discount_stern	cb3-hit	cb4-hit	cb5-2000	2050-target-hit	NIL	NIL	NIL
cases1ajo	base	newagr	newelc	newind	newprc	newres	newrsr	newser	newtra	refscenario	syssettings	uc_base	uc_elc	uc_ind	uc_prc	uc_res	uc_rsr	uc_ser	uc_tra	discount_stern	cb3-hit	cb4-hit	cb5-2000	2050-target-abandoned	NIL	NIL	re_target
cases1amf	base	newagr	newelc	newind	newprc	newres	newrsr	newser	newtra	refscenario	syssettings	uc_base	uc_elc	uc_ind	uc_prc	uc_res	uc_rsr	uc_ser	uc_tra	discount_stern	cb3-hit	cb4-hit	cb5-2100	2050-target-hit	NIL	NIL	NIL
cases1amp	base	newagr	newelc	newind	newprc	newres	newrsr	newser	newtra	refscenario	syssettings	uc_base	uc_elc	uc_ind	uc_prc	uc_res	uc_rsr	uc_ser	uc_tra	discount_stern	cb3-hit	cb4-hit	cb5-2100	2050-target-hit	NIL	NIL	NIL
cases1arq	base	newagr	newelc	newind	newprc	newres	newrsr	newser	newtra	refscenario	syssettings	uc_base	uc_elc	uc_ind	uc_prc	uc_res	uc_rsr	uc_ser	uc_tra	discount_stern	cb3-hit	cb4-hit	cb5-2100	2050-target-abandoned	uc_nonuc	NIL	re_target
cases1buq	base	newagr	newelc	newind	newprc	newres	newrsr	newser	newtra	refscenario	syssettings	uc_base	uc_elc	uc_ind	uc_prc	uc_res	uc_rsr	uc_ser	uc_tra	discount_stern	cb3-hit	cb4-hit	cb5-2700	2050-target-hit	uc_nonuc	NIL	re_target
cases1c4l	base	newagr	newelc	newind	newprc	newres	newrsr	newser	newtra	refscenario	syssettings	uc_base	uc_elc	uc_ind	uc_prc	uc_res	uc_rsr	uc_ser	uc_tra	discount_stern	cb3-hit	cb4-hit	cb5-2800	2050-target-abandoned	NIL	NIL	NIL
cases1c7a	base	newagr	newelc	newind	newprc	newres	newrsr	newser	newtra	refscenario	syssettings	uc_base	uc_elc	uc_ind	uc_prc	uc_res	uc_rsr	uc_ser	uc_tra	discount_stern	cb3-hit	cb4-hit	cb5-2900	2050-target-hit	NIL	NIL	re_target
cases1c7l	base	newagr	newelc	newind	newprc	newres	newrsr	newser	newtra	refscenario	syssettings	uc_base	uc_elc	uc_ind	uc_prc	uc_res	uc_rsr	uc_ser	uc_tra	discount_stern	cb3-hit	cb4-hit	cb5-2900	2050-target-hit	NIL	NIL	NIL
cases1cba	base	newagr	newelc	newind	newprc	newres	newrsr	newser	newtra	refscenario	syssettings	uc_base	uc_elc	uc_ind	uc_prc	uc_res	uc_rsr	uc_ser	uc_tra	discount_stern	cb3-hit	cb4-hit	cb5-2900	2050-target-abandoned	NIL	NIL	re_target
cases1cew	base	newagr	newelc	newind	newprc	newres	newrsr	newser	newtra	refscenario	syssettings	uc_base	uc_elc	uc_ind	uc_prc	uc_res	uc_rsr	uc_ser	uc_tra	discount_stern	cb3-hit	cb4-hit	cb5-3000	2050-target-hit	NIL	uc_noccs	re_target
cases1cia	base	newagr	newelc	newind	newprc	newres	newrsr	newser	newtra	refscenario	syssettings	uc_base	uc_elc	uc_ind	uc_prc	uc_res	uc_rsr	uc_ser	uc_tra	discount_stern	cb3-hit	cb4-hit	cb5-3000	2050-target-abandoned	NIL	NIL	re_target
cases1cih	base	newagr	newelc	newind	newprc	newres	newrsr	newser	newtra	refscenario	syssettings	uc_base	uc_elc	uc_ind	uc_prc	uc_res	uc_rsr	uc_ser	uc_tra	discount_stern	cb3-hit	cb4-hit	cb5-3000	2050-target-abandoned	NIL	uc_noccs	NIL
cases1lt	base	newagr	newelc	newind	newprc	newres	newrsr	newser	newtra	refscenario	syssettings	uc_base	uc_elc	uc_ind	uc_prc	uc_res	uc_rsr	uc_ser	uc_tra	discount_private	cb3-beat	cb4-missed	cb5-1700	2050-target-hit	NIL	NIL	NIL
cases23m	base	newagr	newelc	newind	newprc	newres	newrsr	newser	newtra	refscenario	syssettings	uc_base	uc_elc	uc_ind	uc_prc	uc_res	uc_rsr	uc_ser	uc_tra	discount_private	cb3-beat	cb4-missed	cb5-1900	2050-target-abandoned	NIL	NIL	re_target
cases269	base	newagr	newelc	newind	newprc	newres	newrsr	newser	newtra	refscenario	syssettings	uc_base	uc_elc	uc_ind	uc_prc	uc_res	uc_rsr	uc_ser	uc_tra	discount_private	cb3-beat	cb4-missed	cb5-2000	2050-target-hit	NIL	NIL	NIL
cases2e0	base	newagr	newelc	newind	newprc	newres	newrsr	newser	newtra	refscenario	syssettings	uc_base	uc_elc	uc_ind	uc_prc	uc_res	uc_rsr	uc_ser	uc_tra	discount_private	cb3-beat	cb4-missed	cb5-2100	2050-target-hit	NIL	uc_noccs	re_target
cases2rl	base	newagr	newelc	newind	newprc	newres	newrsr	newser	newtra	refscenario	syssettings	uc_base	uc_elc	uc_ind	uc_prc	uc_res	uc_rsr	uc_ser	uc_tra	discount_private	cb3-beat	cb4-missed	cb5-2300	2050-target-hit	NIL	NIL	NIL
cases2vs	base	newagr	newelc	newind	newprc	newres	newrsr	newser	newtra	refscenario	syssettings	uc_base	uc_elc	uc_ind	uc_prc	uc_res	uc_rsr	uc_ser	uc_tra	discount_private	cb3-beat	cb4-missed	cb5-2300	2050-target-abandoned	NIL	uc_noccs	re_target
cases2wy	base	newagr	newelc	newind	newprc	newres	newrsr	newser	newtra	refscenario	syssettings	uc_base	uc_elc	uc_ind	uc_prc	uc_res	uc_rsr	uc_ser	uc_tra	discount_private	cb3-beat	cb4-missed	cb5-2300	2050-target-abandoned	uc_nonuc	NIL	re_target
cases3ac	base	newagr	newelc	newind	newprc	newres	newrsr	newser	newtra	refscenario	syssettings	uc_base	uc_elc	uc_ind	uc_prc	uc_res	uc_rsr	uc_ser	uc_tra	discount_private	cb3-beat	cb4-missed	cb5-2500	2050-target-abandoned	NIL	NIL	re_target
cases3ae	base	newagr	newelc	newind	newprc	newres	newrsr	newser	newtra	refscenario	syssettings	uc_base	uc_elc	uc_ind	uc_prc	uc_res	uc_rsr	uc_ser	uc_tra	discount_private	cb3-beat	cb4-missed	cb5-2500	2050-target-abandoned	NIL	NIL	re_target
cases3ds	base	newagr	newelc	newind	newprc	newres	newrsr	newser	newtra	refscenario	syssettings	uc_base	uc_elc	uc_ind	uc_prc	uc_res	uc_rsr	uc_ser	uc_tra	discount_private	cb3-beat	cb4-missed	cb5-2600	2050-target-hit	NIL	NIL	re_target
cases3o0	base	newagr	newelc	newind	newprc	newres	newrsr	newser	newtra	refscenario	syssettings	uc_base	uc_elc	uc_ind	uc_prc	uc_res	uc_rsr	uc_ser	uc_tra	discount_private	cb3-beat	cb4-missed	cb5-2700	2050-target-abandoned	NIL	NIL	re_target
cases3ow	base	newagr	newelc	newind	newprc	newres	newrsr	newser	newtra	refscenario	syssettings	uc_base	uc_elc	uc_ind	uc_prc	uc_res	uc_rsr	uc_ser	uc_tra	discount_private	cb3-beat	cb4-missed	cb5-2700	2050-target-abandoned	NIL	NIL	re_target
cases3v4	base	newagr	newelc	newind	newprc	newres	newrsr	newser	newtra	refscenario	syssettings	uc_base	uc_elc	uc_ind	uc_prc	uc_res	uc_rsr	uc_ser	uc_tra	discount_private	cb3-beat	cb4-missed	cb5-2800	2050-target-abandoned	NIL	NIL	re_target
cases3yc	base	newagr	newelc	newind	newprc	newres	newrsr	newser	newtra	refscenario	syssettings	uc_base	uc_elc	uc_ind	uc_prc	uc_res	uc_rsr	uc_ser	uc_tra	discount_private	cb3-beat	cb4-missed	cb5-2900	2050-target-hit	NIL	NIL	re_target
cases42g	base	newagr	newelc	newind	newprc	newres	newrsr	newser	newtra	refscenario	syssettings	uc_base	uc_elc	uc_ind	uc_prc	uc_res	uc_rsr	uc_ser	uc_tra	discount_private	cb3-beat	cb4-missed	cb5-2900	2050-target-abandoned	NIL	uc_noccs	re_target
cases46h	base	newagr	newelc	newind	newprc	newres	newrsr	newser	newtra	refscenario	syssettings	uc_base	uc_elc	uc_ind	uc_prc	uc_res	uc_rsr	uc_ser	uc_tra	discount_private	cb3-beat	cb4-missed	cb5-3000	2050-target-hit	NIL	uc_noccs	NIL
cases6bo	base	newagr	newelc	newind	newprc	newres	newrsr	newser	newtra	refscenario	syssettings	uc_base	uc_elc	uc_ind	uc_prc	uc_res	uc_rsr	uc_ser	uc_tra	discount_private	cb3-beat	cb4-hit	cb5-1000	2050-target-hit	NIL	NIL	re_target
cases6nd	base	newagr	newelc	newind	newprc	newres	newrsr	newser	newtra	refscenario	syssettings	uc_base	uc_elc	uc_ind	uc_prc	uc_res	uc_rsr	uc_ser	uc_tra	discount_private	cb3-beat	cb4-hit	cb5-1100	2050-target-abandoned	NIL	uc_noccs	NIL
cases6o8	base	newagr	newelc	newind	newprc	newres	newrsr	newser	newtra	refscenario	syssettings	uc_base	uc_elc	uc_ind	uc_prc	uc_res	uc_rsr	uc_ser	uc_tra	discount_private	cb3-beat	cb4-hit	cb5-1100	2050-target-abandoned	uc_nonuc	uc_noccs	re_target
cases6pt	base	newagr	newelc	newind	newprc	newres	newrsr	newser	newtra	refscenario	syssettings	uc_base	uc_elc	uc_ind	uc_prc	uc_res	uc_rsr	uc_ser	uc_tra	discount_private	cb3-beat	cb4-hit	cb5-1200	2050-target-hit	NIL	NIL	NIL
cases6qc	base	newagr	newelc	newind	newprc	newres	newrsr	newser	newtra	refscenario	syssettings	uc_base	uc_elc	uc_ind	uc_prc	uc_res	uc_rsr	uc_ser	uc_tra	discount_private	cb3-beat	cb4-hit	cb5-1200	2050-target-hit	NIL	NIL	re_target
cases6r7	base	newagr	newelc	newind	newprc	newres	newrsr	newser	newtra	refscenario	syssettings	uc_base	uc_elc	uc_ind	uc_prc	uc_res	uc_rsr	uc_ser	uc_tra	discount_private	cb3-beat	cb4-hit	cb5-1200	2050-target-hit	NIL	NIL	NIL
cases6x3	base	newagr	newelc	newind	newprc	newres	newrsr	newser	newtra	refscenario	syssettings	uc_base	uc_elc	uc_ind	uc_prc	uc_res	uc_rsr	uc_ser	uc_tra	discount_private	cb3-beat	cb4-hit	cb5-1300	2050-target-hit	NIL	NIL	NIL
cases71d	base	newagr	newelc	newind	newprc	newres	newrsr	newser	newtra	refscenario	syssettings	uc_base	uc_elc	uc_ind	uc_prc	uc_res	uc_rsr	uc_ser	uc_tra	discount_private	cb3-beat	cb4-hit	cb5-1300	2050-target-abandoned	NIL	NIL	NIL
cases75e	base	newagr	newelc	newind	newprc	newres	newrsr	newser	newtra	refscenario	syssettings	uc_base	uc_elc	uc_ind	uc_prc	uc_res	uc_rsr	uc_ser	uc_tra	discount_private	cb3-beat	cb4-hit	cb5-1400	2050-target-hit	NIL	NIL	re_target
cases7bs	base	newagr	newelc	newind	newprc	newres	newrsr	newser	newtra	refscenario	syssettings	uc_base	uc_elc	uc_ind	uc_prc	uc_res	uc_rsr	uc_ser	uc_tra	discount_private	cb3-beat	cb4-hit	cb5-1500	2050-target-hit	NIL	uc_noccs	re_target
cases7g5	base	newagr	newelc	newind	newprc	newres	newrsr	newser	newtra	refscenario	syssettings	uc_base	uc_elc	uc_ind	uc_prc	uc_res	uc_rsr	uc_ser	uc_tra	discount_private	cb3-beat	cb4-hit	cb5-1500	2050-target-abandoned	NIL	NIL	NIL
cases7gm	base	newagr	newelc	newind	newprc	newres	newrsr	newser	newtra	refscenario	syssettings	uc_base	uc_elc	uc_ind	uc_prc	uc_res	uc_rsr	uc_ser	uc_tra	discount_private	cb3-beat	cb4-hit	cb5-1500	2050-target-abandoned	uc_nonuc	NIL	re_target
cases7ja	base	newagr	newelc	newind	newprc	newres	newrsr	newser	newtra	refscenario	syssettings	uc_base	uc_elc	uc_ind	uc_prc	uc_res	uc_rsr	uc_ser	uc_tra	discount_private	cb3-beat	cb4-hit	cb5-1500	2050-target-hit	NIL	NIL	re_target
cases7n9	base	newagr	newelc	newind	newprc	newres	newrsr	newser	newtra	refscenario	syssettings	uc_base	uc_elc	uc_ind	uc_prc	uc_res	uc_rsr	uc_ser	uc_tra	discount_private	cb3-beat	cb4-hit	cb5-1500	2050-target-abandoned	NIL	NIL	NIL
cases7uq	base	newagr	newelc	newind	newprc	newres	newrsr	newser	newtra	refscenario	syssettings	uc_base	uc_elc	uc_ind	uc_prc	uc_res	uc_rsr	uc_ser	uc_tra	discount_private	cb3-beat	cb4-hit	cb5-1600	2050-target-abandoned	uc_nonuc	NIL	re_target
cases8ba	base	newagr	newelc	newind	newprc	newres	newrsr	newser	newtra	refscenario	syssettings	uc_base	uc_elc	uc_ind	uc_prc	uc_res	uc_rsr	uc_ser	uc_tra	discount_private	cb3-beat	cb4-hit	cb5-1900	2050-target-hit	NIL	NIL	re_target
cases8hz	base	newagr	newelc	newind	newprc	newres	newrsr	newser	newtra	refscenario	syssettings	uc_base	uc_elc	uc_ind	uc_prc	uc_res	uc_rsr	uc_ser	uc_tra	discount_private	cb3-beat	cb4-hit	cb5-2000	2050-target-hit	NIL	NIL	NIL
cases8jd	base	newagr	newelc	newind	newprc	newres	newrsr	newser	newtra	refscenario	syssettings	uc_base	uc_elc	uc_ind	uc_prc	uc_res	uc_rsr	uc_ser	uc_tra	discount_private	cb3-beat	cb4-hit	cb5-2000	2050-target-hit	NIL	uc_noccs	NIL
cases8pu	base	newagr	newelc	newind	newprc	newres	newrsr	newser	newtra	refscenario	syssettings	uc_base	uc_elc	uc_ind	uc_prc	uc_res	uc_rsr	uc_ser	uc_tra	discount_private	cb3-beat	cb4-hit	cb5-2100	2050-target-hit	NIL	NIL	re_target
cases8qv	base	newagr	newelc	newind	newprc	newres	newrsr	newser	newtra	refscenario	syssettings	uc_base	uc_elc	uc_ind	uc_prc	uc_res	uc_rsr	uc_ser	uc_tra	discount_private	cb3-beat	cb4-hit	cb5-2100	2050-target-hit	uc_nonuc	NIL	NIL
cases981	base	newagr	newelc	newind	newprc	newres	newrsr	newser	newtra	refscenario	syssettings	uc_base	uc_elc	uc_ind	uc_prc	uc_res	uc_rsr	uc_ser	uc_tra	discount_private	cb3-beat	cb4-hit	cb5-2300	2050-target-abandoned	NIL	NIL	NIL
cases9c7	base	newagr	newelc	newind	newprc	newres	newrsr	newser	newtra	refscenario	syssettings	uc_base	uc_elc	uc_ind	uc_prc	uc_res	uc_rsr	uc_ser	uc_tra	discount_private	cb3-beat	cb4-hit	cb5-2400	2050-target-hit	uc_nonuc	NIL	NIL
cases9dx	base	newagr	newelc	newind	newprc	newres	newrsr	newser	newtra	refscenario	syssettings	uc_base	uc_elc	uc_ind	uc_prc	uc_res	uc_rsr	uc_ser	uc_tra	discount_private	cb3-beat	cb4-hit	cb5-2400	2050-target-abandoned	NIL	NIL	NIL
cases9t4	base	newagr	newelc	newind	newprc	newres	newrsr	newser	newtra	refscenario	syssettings	uc_base	uc_elc	uc_ind	uc_prc	uc_res	uc_rsr	uc_ser	uc_tra	discount_private	cb3-beat	cb4-hit	cb5-2600	2050-target-abandoned	NIL	uc_noccs	re_target
cases9vr	base	newagr	newelc	newind	newprc	newres	newrsr	newser	newtra	refscenario	syssettings	uc_base	uc_elc	uc_ind	uc_prc	uc_res	uc_rsr	uc_ser	uc_tra	discount_private	cb3-beat	cb4-hit	cb5-2700	2050-target-hit	NIL	NIL	NIL
cases9wk	base	newagr	newelc	newind	newprc	newres	newrsr	newser	newtra	refscenario	syssettings	uc_base	uc_elc	uc_ind	uc_prc	uc_res	uc_rsr	uc_ser	uc_tra	discount_private	cb3-beat	cb4-hit	cb5-2700	2050-target-hit	NIL	NIL	re_target
casesa9w	base	newagr	newelc	newind	newprc	newres	newrsr	newser	newtra	refscenario	syssettings	uc_base	uc_elc	uc_ind	uc_prc	uc_res	uc_rsr	uc_ser	uc_tra	discount_private	cb3-beat	cb4-hit	cb5-2900	2050-target-hit	NIL	NIL	re_target
casesabn	base	newagr	newelc	newind	newprc	newres	newrsr	newser	newtra	refscenario	syssettings	uc_base	uc_elc	uc_ind	uc_prc	uc_res	uc_rsr	uc_ser	uc_tra	discount_private	cb3-beat	cb4-hit	cb5-2900	2050-target-hit	uc_nonuc	NIL	NIL
casescrm	base	newagr	newelc	newind	newprc	newres	newrsr	newser	newtra	refscenario	syssettings	uc_base	uc_elc	uc_ind	uc_prc	uc_res	uc_rsr	uc_ser	uc_tra	discount_private	cb3-hit	cb4-missed	cb5-1000	2050-target-abandoned	NIL	NIL	re_target
casescz9	base	newagr	newelc	newind	newprc	newres	newrsr	newser	newtra	refscenario	syssettings	uc_base	uc_elc	uc_ind	uc_prc	uc_res	uc_rsr	uc_ser	uc_tra	discount_private	cb3-hit	cb4-missed	cb5-1100	2050-target-abandoned	NIL	NIL	NIL
casesd2v	base	newagr	newelc	newind	newprc	newres	newrsr	newser	newtra	refscenario	syssettings	uc_base	uc_elc	uc_ind	uc_prc	uc_res	uc_rsr	uc_ser	uc_tra	discount_private	cb3-hit	cb4-missed	cb5-1200	2050-target-hit	NIL	NIL	NIL
casesd5z	base	newagr	newelc	newind	newprc	newres	newrsr	newser	newtra	refscenario	syssettings	uc_base	uc_elc	uc_ind	uc_prc	uc_res	uc_rsr	uc_ser	uc_tra	discount_private	cb3-hit	cb4-missed	cb5-1200	2050-target-abandoned	NIL	NIL	NIL
casesdk9	base	newagr	newelc	newind	newprc	newres	newrsr	newser	newtra	refscenario	syssettings	uc_base	uc_elc	uc_ind	uc_prc	uc_res	uc_rsr	uc_ser	uc_tra	discount_private	cb3-hit	cb4-missed	cb5-1400	2050-target-abandoned	NIL	uc_noccs	NIL
casesdrt	base	newagr	newelc	newind	newprc	newres	newrsr	newser	newtra	refscenario	syssettings	uc_base	uc_elc	uc_ind	uc_prc	uc_res	uc_rsr	uc_ser	uc_tra	discount_private	cb3-hit	cb4-missed	cb5-1500	2050-target-abandoned	NIL	uc_noccs	NIL
casesdts	base	newagr	newelc	newind	newprc	newres	newrsr	newser	newtra	refscenario	syssettings	uc_base	uc_elc	uc_ind	uc_prc	uc_res	uc_rsr	uc_ser	uc_tra	discount_private	cb3-hit	cb4-missed	cb5-1500	2050-target-hit	NIL	NIL	re_target
casesdvb	base	newagr	newelc	newind	newprc	newres	newrsr	newser	newtra	refscenario	syssettings	uc_base	uc_elc	uc_ind	uc_prc	uc_res	uc_rsr	uc_ser	uc_tra	discount_private	cb3-hit	cb4-missed	cb5-1500	2050-target-hit	NIL	NIL	NIL
casese2x	base	newagr	newelc	newind	newprc	newres	newrsr	newser	newtra	refscenario	syssettings	uc_base	uc_elc	uc_ind	uc_prc	uc_res	uc_rsr	uc_ser	uc_tra	discount_private	cb3-hit	cb4-missed	cb5-1600	2050-target-hit	uc_nonuc	uc_noccs	NIL
caseseh1	base	newagr	newelc	newind	newprc	newres	newrsr	newser	newtra	refscenario	syssettings	uc_base	uc_elc	uc_ind	uc_prc	uc_res	uc_rsr	uc_ser	uc_tra	discount_private	cb3-hit	cb4-missed	cb5-1800	2050-target-hit	uc_nonuc	NIL	NIL
caseseip	base	newagr	newelc	newind	newprc	newres	newrsr	newser	newtra	refscenario	syssettings	uc_base	uc_elc	uc_ind	uc_prc	uc_res	uc_rsr	uc_ser	uc_tra	discount_private	cb3-hit	cb4-missed	cb5-1800	2050-target-abandoned	NIL	NIL	NIL
casesena	base	newagr	newelc	newind	newprc	newres	newrsr	newser	newtra	refscenario	syssettings	uc_base	uc_elc	uc_ind	uc_prc	uc_res	uc_rsr	uc_ser	uc_tra	discount_private	cb3-hit	cb4-missed	cb5-1900	2050-target-hit	NIL	NIL	re_target
casesepv	base	newagr	newelc	newind	newprc	newres	newrsr	newser	newtra	refscenario	syssettings	uc_base	uc_elc	uc_ind	uc_prc	uc_res	uc_rsr	uc_ser	uc_tra	discount_private	cb3-hit	cb4-missed	cb5-1900	2050-target-abandoned	NIL	NIL	NIL
caseseyc	base	newagr	newelc	newind	newprc	newres	newrsr	newser	newtra	refscenario	syssettings	uc_base	uc_elc	uc_ind	uc_prc	uc_res	uc_rsr	uc_ser	uc_tra	discount_private	cb3-hit	cb4-missed	cb5-2000	2050-target-abandoned	NIL	NIL	re_target
casesf4i	base	newagr	newelc	newind	newprc	newres	newrsr	newser	newtra	refscenario	syssettings	uc_base	uc_elc	uc_ind	uc_prc	uc_res	uc_rsr	uc_ser	uc_tra	discount_private	cb3-hit	cb4-missed	cb5-2100	2050-target-abandoned	NIL	NIL	re_target
casesf88	base	newagr	newelc	newind	newprc	newres	newrsr	newser	newtra	refscenario	syssettings	uc_base	uc_elc	uc_ind	uc_prc	uc_res	uc_rsr	uc_ser	uc_tra	discount_private	cb3-hit	cb4-missed	cb5-2200	2050-target-hit	NIL	uc_noccs	re_target
casesfus	base	newagr	newelc	newind	newprc	newres	newrsr	newser	newtra	refscenario	syssettings	uc_base	uc_elc	uc_ind	uc_prc	uc_res	uc_rsr	uc_ser	uc_tra	discount_private	cb3-hit	cb4-missed	cb5-2500	2050-target-hit	uc_nonuc	NIL	re_target
casesg1t	base	newagr	newelc	newind	newprc	newres	newrsr	newser	newtra	refscenario	syssettings	uc_base	uc_elc	uc_ind	uc_prc	uc_res	uc_rsr	uc_ser	uc_tra	discount_private	cb3-hit	cb4-missed	cb5-2600	2050-target-hit	uc_nonuc	NIL	NIL
casesg45	base	newagr	newelc	newind	newprc	newres	newrsr	newser	newtra	refscenario	syssettings	uc_base	uc_elc	uc_ind	uc_prc	uc_res	uc_rsr	uc_ser	uc_tra	discount_private	cb3-hit	cb4-missed	cb5-2600	2050-target-abandoned	NIL	NIL	NIL
casesg92	base	newagr	newelc	newind	newprc	newres	newrsr	newser	newtra	refscenario	syssettings	uc_base	uc_elc	uc_ind	uc_prc	uc_res	uc_rsr	uc_ser	uc_tra	discount_private	cb3-hit	cb4-missed	cb5-2700	2050-target-hit	uc_nonuc	NIL	re_target
casesgpj	base	newagr	newelc	newind	newprc	newres	newrsr	newser	newtra	refscenario	syssettings	uc_base	uc_elc	uc_ind	uc_prc	uc_res	uc_rsr	uc_ser	uc_tra	discount_private	cb3-hit	cb4-missed	cb5-2900	2050-target-abandoned	NIL	NIL	NIL
casesgqg	base	newagr	newelc	newind	newprc	newres	newrsr	newser	newtra	refscenario	syssettings	uc_base	uc_elc	uc_ind	uc_prc	uc_res	uc_rsr	uc_ser	uc_tra	discount_private	cb3-hit	cb4-missed	cb5-2900	2050-target-abandoned	NIL	uc_noccs	re_target
casesgud	base	newagr	newelc	newind	newprc	newres	newrsr	newser	newtra	refscenario	syssettings	uc_base	uc_elc	uc_ind	uc_prc	uc_res	uc_rsr	uc_ser	uc_tra	discount_private	cb3-hit	cb4-missed	cb5-3000	2050-target-hit	uc_nonuc	NIL	NIL
casesj2s	base	newagr	newelc	newind	newprc	newres	newrsr	newser	newtra	refscenario	syssettings	uc_base	uc_elc	uc_ind	uc_prc	uc_res	uc_rsr	uc_ser	uc_tra	discount_private	cb3-hit	cb4-hit	cb5-1000	2050-target-abandoned	NIL	NIL	re_target
casesj6b	base	newagr	newelc	newind	newprc	newres	newrsr	newser	newtra	refscenario	syssettings	uc_base	uc_elc	uc_ind	uc_prc	uc_res	uc_rsr	uc_ser	uc_tra	discount_private	cb3-hit	cb4-hit	cb5-1100	2050-target-hit	NIL	NIL	NIL
casesjav	base	newagr	newelc	newind	newprc	newres	newrsr	newser	newtra	refscenario	syssettings	uc_base	uc_elc	uc_ind	uc_prc	uc_res	uc_rsr	uc_ser	uc_tra	discount_private	cb3-hit	cb4-hit	cb5-1100	2050-target-abandoned	NIL	NIL	NIL
casesjdv	base	newagr	newelc	newind	newprc	newres	newrsr	newser	newtra	refscenario	syssettings	uc_base	uc_elc	uc_ind	uc_prc	uc_res	uc_rsr	uc_ser	uc_tra	discount_private	cb3-hit	cb4-hit	cb5-1200	2050-target-hit	NIL	NIL	NIL
casesjex	base	newagr	newelc	newind	newprc	newres	newrsr	newser	newtra	refscenario	syssettings	uc_base	uc_elc	uc_ind	uc_prc	uc_res	uc_rsr	uc_ser	uc_tra	discount_private	cb3-hit	cb4-hit	cb5-1200	2050-target-hit	uc_nonuc	uc_noccs	NIL
casesjhu	base	newagr	newelc	newind	newprc	newres	newrsr	newser	newtra	refscenario	syssettings	uc_base	uc_elc	uc_ind	uc_prc	uc_res	uc_rsr	uc_ser	uc_tra	discount_private	cb3-hit	cb4-hit	cb5-1200	2050-target-abandoned	NIL	NIL	re_target
casesjpc	base	newagr	newelc	newind	newprc	newres	newrsr	newser	newtra	refscenario	syssettings	uc_base	uc_elc	uc_ind	uc_prc	uc_res	uc_rsr	uc_ser	uc_tra	discount_private	cb3-hit	cb4-hit	cb5-1300	2050-target-abandoned	uc_nonuc	NIL	re_target
casesjrq	base	newagr	newelc	newind	newprc	newres	newrsr	newser	newtra	refscenario	syssettings	uc_base	uc_elc	uc_ind	uc_prc	uc_res	uc_rsr	uc_ser	uc_tra	discount_private	cb3-hit	cb4-hit	cb5-1400	2050-target-hit	NIL	NIL	re_target
casesjs7	base	newagr	newelc	newind	newprc	newres	newrsr	newser	newtra	refscenario	syssettings	uc_base	uc_elc	uc_ind	uc_prc	uc_res	uc_rsr	uc_ser	uc_tra	discount_private	cb3-hit	cb4-hit	cb5-1400	2050-target-hit	NIL	NIL	NIL
casesk6c	base	newagr	newelc	newind	newprc	newres	newrsr	newser	newtra	refscenario	syssettings	uc_base	uc_elc	uc_ind	uc_prc	uc_res	uc_rsr	uc_ser	uc_tra	discount_private	cb3-hit	cb4-hit	cb5-1500	2050-target-hit	NIL	NIL	re_target
casesk9v	base	newagr	newelc	newind	newprc	newres	newrsr	newser	newtra	refscenario	syssettings	uc_base	uc_elc	uc_ind	uc_prc	uc_res	uc_rsr	uc_ser	uc_tra	discount_private	cb3-hit	cb4-hit	cb5-1500	2050-target-abandoned	NIL	NIL	NIL
casesk9y	base	newagr	newelc	newind	newprc	newres	newrsr	newser	newtra	refscenario	syssettings	uc_base	uc_elc	uc_ind	uc_prc	uc_res	uc_rsr	uc_ser	uc_tra	discount_private	cb3-hit	cb4-hit	cb5-1500	2050-target-abandoned	NIL	NIL	re_target
caseskdy	base	newagr	newelc	newind	newprc	newres	newrsr	newser	newtra	refscenario	syssettings	uc_base	uc_elc	uc_ind	uc_prc	uc_res	uc_rsr	uc_ser	uc_tra	discount_private	cb3-hit	cb4-hit	cb5-1600	2050-target-hit	NIL	NIL	re_target
caseskp0	base	newagr	newelc	newind	newprc	newres	newrsr	newser	newtra	refscenario	syssettings	uc_base	uc_elc	uc_ind	uc_prc	uc_res	uc_rsr	uc_ser	uc_tra	discount_private	cb3-hit	cb4-hit	cb5-1700	2050-target-abandoned	uc_nonuc	NIL	re_target
casesl1v	base	newagr	newelc	newind	newprc	newres	newrsr	newser	newtra	refscenario	syssettings	uc_base	uc_elc	uc_ind	uc_prc	uc_res	uc_rsr	uc_ser	uc_tra	discount_private	cb3-hit	cb4-hit	cb5-1900	2050-target-abandoned	NIL	NIL	NIL
caseslhi	base	newagr	newelc	newind	newprc	newres	newrsr	newser	newtra	refscenario	syssettings	uc_base	uc_elc	uc_ind	uc_prc	uc_res	uc_rsr	uc_ser	uc_tra	discount_private	cb3-hit	cb4-hit	cb5-2100	2050-target-abandoned	uc_nonuc	NIL	re_target
caseslno	base	newagr	newelc	newind	newprc	newres	newrsr	newser	newtra	refscenario	syssettings	uc_base	uc_elc	uc_ind	uc_prc	uc_res	uc_rsr	uc_ser	uc_tra	discount_private	cb3-hit	cb4-hit	cb5-2200	2050-target-abandoned	NIL	NIL	re_target
casesls0	base	newagr	newelc	newind	newprc	newres	newrsr	newser	newtra	refscenario	syssettings	uc_base	uc_elc	uc_ind	uc_prc	uc_res	uc_rsr	uc_ser	uc_tra	discount_private	cb3-hit	cb4-hit	cb5-2300	2050-target-hit	uc_nonuc	NIL	re_target
casesltu	base	newagr	newelc	newind	newprc	newres	newrsr	newser	newtra	refscenario	syssettings	uc_base	uc_elc	uc_ind	uc_prc	uc_res	uc_rsr	uc_ser	uc_tra	discount_private	cb3-hit	cb4-hit	cb5-2300	2050-target-abandoned	NIL	NIL	re_target
casesm1l	base	newagr	newelc	newind	newprc	newres	newrsr	newser	newtra	refscenario	syssettings	uc_base	uc_elc	uc_ind	uc_prc	uc_res	uc_rsr	uc_ser	uc_tra	discount_private	cb3-hit	cb4-hit	cb5-2400	2050-target-abandoned	NIL	uc_noccs	NIL
casesmg6	base	newagr	newelc	newind	newprc	newres	newrsr	newser	newtra	refscenario	syssettings	uc_base	uc_elc	uc_ind	uc_prc	uc_res	uc_rsr	uc_ser	uc_tra	discount_private	cb3-hit	cb4-hit	cb5-2600	2050-target-abandoned	NIL	NIL	re_target
casesmrb	base	newagr	newelc	newind	newprc	newres	newrsr	newser	newtra	refscenario	syssettings	uc_base	uc_elc	uc_ind	uc_prc	uc_res	uc_rsr	uc_ser	uc_tra	discount_private	cb3-hit	cb4-hit	cb5-2800	2050-target-hit	NIL	NIL	NIL
casesn90	base	newagr	newelc	newind	newprc	newres	newrsr	newser	newtra	refscenario	syssettings	uc_base	uc_elc	uc_ind	uc_prc	uc_res	uc_rsr	uc_ser	uc_tra	discount_private	cb3-hit	cb4-hit	cb5-3000	2050-target-abandoned	NIL	NIL	re_target
casesphy	base	newagr	newelc	newind	newprc	newres	newrsr	newser	newtra	refscenario	syssettings	uc_base	uc_elc	uc_ind	uc_prc	uc_res	uc_rsr	uc_ser	uc_tra	discount_stern	cb3-beat	cb4-missed	cb5-1100	2050-target-hit	NIL	NIL	re_target
casesplh	base	newagr	newelc	newind	newprc	newres	newrsr	newser	newtra	refscenario	syssettings	uc_base	uc_elc	uc_ind	uc_prc	uc_res	uc_rsr	uc_ser	uc_tra	discount_stern	cb3-beat	cb4-missed	cb5-1100	2050-target-abandoned	NIL	NIL	NIL
casesplj	base	newagr	newelc	newind	newprc	newres	newrsr	newser	newtra	refscenario	syssettings	uc_base	uc_elc	uc_ind	uc_prc	uc_res	uc_rsr	uc_ser	uc_tra	discount_stern	cb3-beat	cb4-missed	cb5-1100	2050-target-abandoned	NIL	NIL	NIL
casespz	base	newagr	newelc	newind	newprc	newres	newrsr	newser	newtra	refscenario	syssettings	uc_base	uc_elc	uc_ind	uc_prc	uc_res	uc_rsr	uc_ser	uc_tra	discount_private	cb3-beat	cb4-missed	cb5-1300	2050-target-abandoned	NIL	NIL	NIL
casespzn	base	newagr	newelc	newind	newprc	newres	newrsr	newser	newtra	refscenario	syssettings	uc_base	uc_elc	uc_ind	uc_prc	uc_res	uc_rsr	uc_ser	uc_tra	discount_stern	cb3-beat	cb4-missed	cb5-1300	2050-target-abandoned	NIL	NIL	NIL
casesq6f	base	newagr	newelc	newind	newprc	newres	newrsr	newser	newtra	refscenario	syssettings	uc_base	uc_elc	uc_ind	uc_prc	uc_res	uc_rsr	uc_ser	uc_tra	discount_stern	cb3-beat	cb4-missed	cb5-1400	2050-target-abandoned	NIL	NIL	NIL
casesq6h	base	newagr	newelc	newind	newprc	newres	newrsr	newser	newtra	refscenario	syssettings	uc_base	uc_elc	uc_ind	uc_prc	uc_res	uc_rsr	uc_ser	uc_tra	discount_stern	cb3-beat	cb4-missed	cb5-1400	2050-target-abandoned	NIL	uc_noccs	NIL
casesqef	base	newagr	newelc	newind	newprc	newres	newrsr	newser	newtra	refscenario	syssettings	uc_base	uc_elc	uc_ind	uc_prc	uc_res	uc_rsr	uc_ser	uc_tra	discount_stern	cb3-beat	cb4-missed	cb5-1500	2050-target-abandoned	NIL	NIL	NIL
casesqfb	base	newagr	newelc	newind	newprc	newres	newrsr	newser	newtra	refscenario	syssettings	uc_base	uc_elc	uc_ind	uc_prc	uc_res	uc_rsr	uc_ser	uc_tra	discount_stern	cb3-beat	cb4-missed	cb5-1500	2050-target-abandoned	uc_nonuc	NIL	NIL
casesqo7	base	newagr	newelc	newind	newprc	newres	newrsr	newser	newtra	refscenario	syssettings	uc_base	uc_elc	uc_ind	uc_prc	uc_res	uc_rsr	uc_ser	uc_tra	discount_stern	cb3-beat	cb4-missed	cb5-1600	2050-target-hit	NIL	NIL	NIL
casesqp4	base	newagr	newelc	newind	newprc	newres	newrsr	newser	newtra	refscenario	syssettings	uc_base	uc_elc	uc_ind	uc_prc	uc_res	uc_rsr	uc_ser	uc_tra	discount_stern	cb3-beat	cb4-missed	cb5-1600	2050-target-hit	NIL	uc_noccs	re_target
casesr5u	base	newagr	newelc	newind	newprc	newres	newrsr	newser	newtra	refscenario	syssettings	uc_base	uc_elc	uc_ind	uc_prc	uc_res	uc_rsr	uc_ser	uc_tra	discount_stern	cb3-beat	cb4-missed	cb5-1800	2050-target-abandoned	NIL	NIL	re_target
casesrb9	base	newagr	newelc	newind	newprc	newres	newrsr	newser	newtra	refscenario	syssettings	uc_base	uc_elc	uc_ind	uc_prc	uc_res	uc_rsr	uc_ser	uc_tra	discount_stern	cb3-beat	cb4-missed	cb5-1900	2050-target-hit	uc_nonuc	NIL	NIL
casesreb	base	newagr	newelc	newind	newprc	newres	newrsr	newser	newtra	refscenario	syssettings	uc_base	uc_elc	uc_ind	uc_prc	uc_res	uc_rsr	uc_ser	uc_tra	discount_stern	cb3-beat	cb4-missed	cb5-1900	2050-target-abandoned	NIL	NIL	NIL
casesrh4	base	newagr	newelc	newind	newprc	newres	newrsr	newser	newtra	refscenario	syssettings	uc_base	uc_elc	uc_ind	uc_prc	uc_res	uc_rsr	uc_ser	uc_tra	discount_stern	cb3-beat	cb4-missed	cb5-2000	2050-target-hit	NIL	uc_noccs	re_target
casesrlv	base	newagr	newelc	newind	newprc	newres	newrsr	newser	newtra	refscenario	syssettings	uc_base	uc_elc	uc_ind	uc_prc	uc_res	uc_rsr	uc_ser	uc_tra	discount_stern	cb3-beat	cb4-missed	cb5-2000	2050-target-abandoned	uc_nonuc	NIL	NIL
casesroh	base	newagr	newelc	newind	newprc	newres	newrsr	newser	newtra	refscenario	syssettings	uc_base	uc_elc	uc_ind	uc_prc	uc_res	uc_rsr	uc_ser	uc_tra	discount_stern	cb3-beat	cb4-missed	cb5-2100	2050-target-hit	NIL	NIL	NIL
casess2u	base	newagr	newelc	newind	newprc	newres	newrsr	newser	newtra	refscenario	syssettings	uc_base	uc_elc	uc_ind	uc_prc	uc_res	uc_rsr	uc_ser	uc_tra	discount_stern	cb3-beat	cb4-missed	cb5-2300	2050-target-hit	NIL	NIL	re_target
casess6u	base	newagr	newelc	newind	newprc	newres	newrsr	newser	newtra	refscenario	syssettings	uc_base	uc_elc	uc_ind	uc_prc	uc_res	uc_rsr	uc_ser	uc_tra	discount_stern	cb3-beat	cb4-missed	cb5-2300	2050-target-abandoned	NIL	NIL	re_target
casesscp	base	newagr	newelc	newind	newprc	newres	newrsr	newser	newtra	refscenario	syssettings	uc_base	uc_elc	uc_ind	uc_prc	uc_res	uc_rsr	uc_ser	uc_tra	discount_stern	cb3-beat	cb4-missed	cb5-2400	2050-target-abandoned	NIL	uc_noccs	NIL
casessed	base	newagr	newelc	newind	newprc	newres	newrsr	newser	newtra	refscenario	syssettings	uc_base	uc_elc	uc_ind	uc_prc	uc_res	uc_rsr	uc_ser	uc_tra	discount_stern	cb3-beat	cb4-missed	cb5-2400	2050-target-abandoned	uc_nonuc	NIL	NIL
casessrs	base	newagr	newelc	newind	newprc	newres	newrsr	newser	newtra	refscenario	syssettings	uc_base	uc_elc	uc_ind	uc_prc	uc_res	uc_rsr	uc_ser	uc_tra	discount_stern	cb3-beat	cb4-missed	cb5-2600	2050-target-abandoned	NIL	uc_noccs	re_target
casessz4	base	newagr	newelc	newind	newprc	newres	newrsr	newser	newtra	refscenario	syssettings	uc_base	uc_elc	uc_ind	uc_prc	uc_res	uc_rsr	uc_ser	uc_tra	discount_stern	cb3-beat	cb4-missed	cb5-2700	2050-target-abandoned	NIL	NIL	re_target
casest69	base	newagr	newelc	newind	newprc	newres	newrsr	newser	newtra	refscenario	syssettings	uc_base	uc_elc	uc_ind	uc_prc	uc_res	uc_rsr	uc_ser	uc_tra	discount_stern	cb3-beat	cb4-missed	cb5-2800	2050-target-abandoned	NIL	NIL	NIL
casest6w	base	newagr	newelc	newind	newprc	newres	newrsr	newser	newtra	refscenario	syssettings	uc_base	uc_elc	uc_ind	uc_prc	uc_res	uc_rsr	uc_ser	uc_tra	discount_stern	cb3-beat	cb4-missed	cb5-2800	2050-target-abandoned	uc_nonuc	uc_noccs	re_target
casestd1	base	newagr	newelc	newind	newprc	newres	newrsr	newser	newtra	refscenario	syssettings	uc_base	uc_elc	uc_ind	uc_prc	uc_res	uc_rsr	uc_ser	uc_tra	discount_stern	cb3-beat	cb4-missed	cb5-2900	2050-target-abandoned	NIL	NIL	NIL
casestj9	base	newagr	newelc	newind	newprc	newres	newrsr	newser	newtra	refscenario	syssettings	uc_base	uc_elc	uc_ind	uc_prc	uc_res	uc_rsr	uc_ser	uc_tra	discount_stern	cb3-beat	cb4-missed	cb5-3000	2050-target-abandoned	NIL	NIL	NIL
casestjp	base	newagr	newelc	newind	newprc	newres	newrsr	newser	newtra	refscenario	syssettings	uc_base	uc_elc	uc_ind	uc_prc	uc_res	uc_rsr	uc_ser	uc_tra	discount_stern	cb3-beat	cb4-missed	cb5-3000	2050-target-abandoned	NIL	NIL	NIL
casesu1	base	newagr	newelc	newind	newprc	newres	newrsr	newser	newtra	refscenario	syssettings	uc_base	uc_elc	uc_ind	uc_prc	uc_res	uc_rsr	uc_ser	uc_tra	discount_private	cb3-beat	cb4-missed	cb5-1400	2050-target-hit	NIL	uc_noccs	NIL
casesw5k	base	newagr	newelc	newind	newprc	newres	newrsr	newser	newtra	refscenario	syssettings	uc_base	uc_elc	uc_ind	uc_prc	uc_res	uc_rsr	uc_ser	uc_tra	discount_stern	cb3-beat	cb4-hit	cb5-1200	2050-target-abandoned	uc_nonuc	uc_noccs	re_target
caseswas	base	newagr	newelc	newind	newprc	newres	newrsr	newser	newtra	refscenario	syssettings	uc_base	uc_elc	uc_ind	uc_prc	uc_res	uc_rsr	uc_ser	uc_tra	discount_stern	cb3-beat	cb4-hit	cb5-1300	2050-target-abandoned	NIL	NIL	re_target
caseswer	base	newagr	newelc	newind	newprc	newres	newrsr	newser	newtra	refscenario	syssettings	uc_base	uc_elc	uc_ind	uc_prc	uc_res	uc_rsr	uc_ser	uc_tra	discount_stern	cb3-beat	cb4-hit	cb5-1400	2050-target-hit	NIL	NIL	NIL
caseswip	base	newagr	newelc	newind	newprc	newres	newrsr	newser	newtra	refscenario	syssettings	uc_base	uc_elc	uc_ind	uc_prc	uc_res	uc_rsr	uc_ser	uc_tra	discount_stern	cb3-beat	cb4-hit	cb5-1400	2050-target-abandoned	NIL	NIL	NIL
caseswiw	base	newagr	newelc	newind	newprc	newres	newrsr	newser	newtra	refscenario	syssettings	uc_base	uc_elc	uc_ind	uc_prc	uc_res	uc_rsr	uc_ser	uc_tra	discount_stern	cb3-beat	cb4-hit	cb5-1400	2050-target-abandoned	NIL	uc_noccs	re_target
caseswpj	base	newagr	newelc	newind	newprc	newres	newrsr	newser	newtra	refscenario	syssettings	uc_base	uc_elc	uc_ind	uc_prc	uc_res	uc_rsr	uc_ser	uc_tra	discount_stern	cb3-beat	cb4-hit	cb5-1500	2050-target-abandoned	NIL	NIL	NIL
caseswtu	base	newagr	newelc	newind	newprc	newres	newrsr	newser	newtra	refscenario	syssettings	uc_base	uc_elc	uc_ind	uc_prc	uc_res	uc_rsr	uc_ser	uc_tra	discount_stern	cb3-beat	cb4-hit	cb5-1500	2050-target-hit	NIL	NIL	re_target
caseswwl	base	newagr	newelc	newind	newprc	newres	newrsr	newser	newtra	refscenario	syssettings	uc_base	uc_elc	uc_ind	uc_prc	uc_res	uc_rsr	uc_ser	uc_tra	discount_stern	cb3-beat	cb4-hit	cb5-1500	2050-target-abandoned	NIL	NIL	NIL
casesx15	base	newagr	newelc	newind	newprc	newres	newrsr	newser	newtra	refscenario	syssettings	uc_base	uc_elc	uc_ind	uc_prc	uc_res	uc_rsr	uc_ser	uc_tra	discount_stern	cb3-beat	cb4-hit	cb5-1600	2050-target-hit	NIL	uc_noccs	NIL
casesx8g	base	newagr	newelc	newind	newprc	newres	newrsr	newser	newtra	refscenario	syssettings	uc_base	uc_elc	uc_ind	uc_prc	uc_res	uc_rsr	uc_ser	uc_tra	discount_stern	cb3-beat	cb4-hit	cb5-1700	2050-target-hit	uc_nonuc	NIL	re_target
casesxb9	base	newagr	newelc	newind	newprc	newres	newrsr	newser	newtra	refscenario	syssettings	uc_base	uc_elc	uc_ind	uc_prc	uc_res	uc_rsr	uc_ser	uc_tra	discount_stern	cb3-beat	cb4-hit	cb5-1700	2050-target-abandoned	NIL	NIL	NIL
casesxdv	base	newagr	newelc	newind	newprc	newres	newrsr	newser	newtra	refscenario	syssettings	uc_base	uc_elc	uc_ind	uc_prc	uc_res	uc_rsr	uc_ser	uc_tra	discount_stern	cb3-beat	cb4-hit	cb5-1800	2050-target-hit	NIL	NIL	NIL
casesxes	base	newagr	newelc	newind	newprc	newres	newrsr	newser	newtra	refscenario	syssettings	uc_base	uc_elc	uc_ind	uc_prc	uc_res	uc_rsr	uc_ser	uc_tra	discount_stern	cb3-beat	cb4-hit	cb5-1800	2050-target-hit	NIL	NIL	re_target
casesxs8	base	newagr	newelc	newind	newprc	newres	newrsr	newser	newtra	refscenario	syssettings	uc_base	uc_elc	uc_ind	uc_prc	uc_res	uc_rsr	uc_ser	uc_tra	discount_stern	cb3-beat	cb4-hit	cb5-2000	2050-target-hit	NIL	uc_noccs	re_target
casesxvo	base	newagr	newelc	newind	newprc	newres	newrsr	newser	newtra	refscenario	syssettings	uc_base	uc_elc	uc_ind	uc_prc	uc_res	uc_rsr	uc_ser	uc_tra	discount_stern	cb3-beat	cb4-hit	cb5-2000	2050-target-abandoned	NIL	NIL	re_target
casesy11	base	newagr	newelc	newind	newprc	newres	newrsr	newser	newtra	refscenario	syssettings	uc_base	uc_elc	uc_ind	uc_prc	uc_res	uc_rsr	uc_ser	uc_tra	discount_stern	cb3-beat	cb4-hit	cb5-2100	2050-target-hit	uc_nonuc	NIL	NIL
casesyb9	base	newagr	newelc	newind	newprc	newres	newrsr	newser	newtra	refscenario	syssettings	uc_base	uc_elc	uc_ind	uc_prc	uc_res	uc_rsr	uc_ser	uc_tra	discount_stern	cb3-beat	cb4-hit	cb5-2200	2050-target-abandoned	NIL	NIL	NIL
casesybl	base	newagr	newelc	newind	newprc	newres	newrsr	newser	newtra	refscenario	syssettings	uc_base	uc_elc	uc_ind	uc_prc	uc_res	uc_rsr	uc_ser	uc_tra	discount_stern	cb3-beat	cb4-hit	cb5-2200	2050-target-abandoned	uc_nonuc	NIL	NIL
casesydd	base	newagr	newelc	newind	newprc	newres	newrsr	newser	newtra	refscenario	syssettings	uc_base	uc_elc	uc_ind	uc_prc	uc_res	uc_rsr	uc_ser	uc_tra	discount_stern	cb3-beat	cb4-hit	cb5-2300	2050-target-hit	NIL	NIL	NIL
casesykl	base	newagr	newelc	newind	newprc	newres	newrsr	newser	newtra	refscenario	syssettings	uc_base	uc_elc	uc_ind	uc_prc	uc_res	uc_rsr	uc_ser	uc_tra	discount_stern	cb3-beat	cb4-hit	cb5-2400	2050-target-hit	NIL	NIL	NIL
casesym0	base	newagr	newelc	newind	newprc	newres	newrsr	newser	newtra	refscenario	syssettings	uc_base	uc_elc	uc_ind	uc_prc	uc_res	uc_rsr	uc_ser	uc_tra	discount_stern	cb3-beat	cb4-hit	cb5-2400	2050-target-hit	NIL	uc_noccs	re_target
casesz39	base	newagr	newelc	newind	newprc	newres	newrsr	newser	newtra	refscenario	syssettings	uc_base	uc_elc	uc_ind	uc_prc	uc_res	uc_rsr	uc_ser	uc_tra	discount_stern	cb3-beat	cb4-hit	cb5-2600	2050-target-abandoned	NIL	NIL	NIL
casesz6b	base	newagr	newelc	newind	newprc	newres	newrsr	newser	newtra	refscenario	syssettings	uc_base	uc_elc	uc_ind	uc_prc	uc_res	uc_rsr	uc_ser	uc_tra	discount_stern	cb3-beat	cb4-hit	cb5-2700	2050-target-hit	NIL	NIL	NIL
casesz7m	base	newagr	newelc	newind	newprc	newres	newrsr	newser	newtra	refscenario	syssettings	uc_base	uc_elc	uc_ind	uc_prc	uc_res	uc_rsr	uc_ser	uc_tra	discount_stern	cb3-beat	cb4-hit	cb5-2700	2050-target-hit	uc_nonuc	NIL	re_target
caseszae	base	newagr	newelc	newind	newprc	newres	newrsr	newser	newtra	refscenario	syssettings	uc_base	uc_elc	uc_ind	uc_prc	uc_res	uc_rsr	uc_ser	uc_tra	discount_stern	cb3-beat	cb4-hit	cb5-2700	2050-target-abandoned	NIL	NIL	re_target
caseszlf	base	newagr	newelc	newind	newprc	newres	newrsr	newser	newtra	refscenario	syssettings	uc_base	uc_elc	uc_ind	uc_prc	uc_res	uc_rsr	uc_ser	uc_tra	discount_stern	cb3-beat	cb4-hit	cb5-2900	2050-target-hit	NIL	NIL	NIL
caseszp4	base	newagr	newelc	newind	newprc	newres	newrsr	newser	newtra	refscenario	syssettings	uc_base	uc_elc	uc_ind	uc_prc	uc_res	uc_rsr	uc_ser	uc_tra	discount_stern	cb3-beat	cb4-hit	cb5-2900	2050-target-abandoned	NIL	uc_noccs	re_target
caseszp4	base	newagr	newelc	newind	newprc	newres	newrsr	newser	newtra	refscenario	syssettings	uc_base	uc_elc	uc_ind	uc_prc	uc_res	uc_rsr	uc_ser	uc_tra	discount_stern	cb3-beat	cb4-hit	cb5-2900	2050-target-abandoned	NIL	uc_noccs	re_target
caseszv6	base	newagr	newelc	newind	newprc	newres	newrsr	newser	newtra	refscenario	syssettings	uc_base	uc_elc	uc_ind	uc_prc	uc_res	uc_rsr	uc_ser	uc_tra	discount_stern	cb3-beat	cb4-hit	cb5-3000	2050-target-abandoned	NIL	NIL	re_target
