Process,ActUnit,CapUnit
UPSNGA01,PJ,PJ_a
UPSNGA00,PJ,PJ_a
UPSLFO01,PJ,PJ_a
UPSLFO00,PJ,PJ_a
UPSHYG01,PJ,PJ_a
UPSELC01,PJ,PJ_a
UPSELC00,PJ,PJ_a
UOILTERM01,PJ,PJ_a
UOILTERM00,PJ,PJ_a
UNGAPTR01,PJ,PJ_a
UNGAPTR00,PJ,PJ_a
UNGAIN00,PJ,PJ_a
UNGAIE00,PJ,PJ_a
UNGAEI00,PJ,PJ_a
UNGAEE00,PJ,PJ_a
UNGAD00,PJ,PJ_a
UMAINPHYG01,PJ,PJ_a
ULNGT01,PJ,PJ_a
ULNGT00,PJ,PJ_a
UCHP-CCG01,PJ,GW
UCHP-CCG00,PJ,GW
TWPET01,Bv-km,000V
TWPET00,Bv-km,000V
TWFCHYG01,Bv-km,000V
TWELC01,Bv-km,000V
TSIOIL01,PJ,PJ_a
TSIOIL00,PJ,PJ_a
TSIHYG01,PJ,PJ_a
TSDOIL01,Btkm,Btkm_a
TSDOIL00,Btkm,Btkm_a
TSDHYG01,Btkm,Btkm_a
TRTELC01,Bpkm,Bpkm_a
TRFCHYG01,Bpkm,Bpkm_a
TRELC01,Bpkm,Bpkm_a
TRELC00,Bpkm,Bpkm_a
TRDST01,Bpkm,Bpkm_a
TRDST00,Bpkm,Bpkm_a
TRCOA00,Bpkm,Bpkm_a
TRAPET01,PJ,PJ_a
TRAPET00,PJ,PJ_a
TRANGA01,PJ,PJ_a
TRALPG01,PJ,PJ_a
TRALPG00,PJ,PJ_a
TRALFODS01,PJ,PJ_a
TRALFODS00,PJ,PJ_a
TRALFO01,PJ,PJ_a
TRALFO00,PJ,PJ_a
TRAJETIA01,PJ,PJ_a
TRAJETIA00,PJ,PJ_a
TRAJETDA01,PJ,PJ_a
TRAJETDA00,PJ,PJ_a
TRAHYLIA01,PJ,PJ_a
TRAHYLDA01,PJ,PJ_a
TRAHYL01,PJ,PJ_a
TRAHYGPIS01,PJ,PJ_a
TRAHYGPDS01,PJ,PJ_a
TRAHYGP01,PJ,PJ_a
TRAHFOIS01,PJ,PJ_a
TRAHFOIS00,PJ,PJ_a
TRAHFODS01,PJ,PJ_a
TRAHFODS00,PJ,PJ_a
TRAETH01,PJ,PJ_a
TRAETH00,PJ,PJ_a
TRAELC01,PJ,PJ_a
TRAELC00,PJ,PJ_a
TRADST01,PJ,PJ_a
TRADST00,PJ,PJ_a
TRACOA00,PJ,PJ_a
TRABOM01,PJ,PJ_a
TRABIOOILIS01,PJ,PJ_a
TRABIOLFODS01,PJ,PJ_a
TRABIOLFO01,PJ,PJ_a
TRABIOJET-FTIA01,PJ,PJ_a
TRABIOJET-FTDA01,PJ,PJ_a
TRABIODST-FT01,PJ,PJ_a
TRABIODST01,PJ,PJ_a
TRABIODST00,PJ,PJ_a
TMAINPGAS01,PJ,PJ_a
TLPHBPET01,Bv-km,000V
TLPHBDST01,Bv-km,000V
TLPET01,Bv-km,000V
TLPET00,Bv-km,000V
TLLPG01,Bv-km,000V
TLHBPET01,Bv-km,000V
TLHBHYL01,Bv-km,000V
TLHBDST01,Bv-km,000V
TLFCHYG01,Bv-km,000V
TLFCHBHYG01,Bv-km,000V
TLELC01,Bv-km,000V
TLE8501,Bv-km,000V
TLDST01,Bv-km,000V
TLDST00,Bv-km,000V
TLCNG01,Bv-km,000V
THYGNGAS01,PJ,PJ_a
THYGEYSS01,PJ,PJ_a
THHBDST01,Bv-km,000V
THFCHBHYG01,Bv-km,000V
THDST01,Bv-km,000V
THDST00,Bv-km,000V
THCNG01,Bv-km,000V
TFTELC01,Btkm,Btkm_a
TFSSPET01,PJ,PJ_a
TFSSPET00,PJ,PJ_a
TFSSLPG01,PJ,PJ_a
TFSSLPG00,PJ,PJ_a
TFSSHYL01,PJ,PJ_a
TFSSHYGS01,PJ,PJ_a
TFSSHYGL01,PJ,PJ_a
TFSSHYG01,PJ,PJ_a
TFSSETH01,PJ,PJ_a
TFSSETH00,PJ,PJ_a
TFSSDST01,PJ,PJ_a
TFSSDST00,PJ,PJ_a
TFSSCPHB01,PJ,PJ_a
TFSSCNG01,PJ,PJ_a
TFSSCELC01,PJ,PJ_a
TFSSBIODST-FT01,PJ,PJ_a
TFSSBIODST01,PJ,PJ_a
TFSSBIODST00,PJ,PJ_a
TFSLPET01,PJ,PJ_a
TFSLPET00,PJ,PJ_a
TFSLLPG01,PJ,PJ_a
TFSLLPG00,PJ,PJ_a
TFSLLFODS01,PJ,PJ_a
TFSLLFODS00,PJ,PJ_a
TFSLLFO01,PJ,PJ_a
TFSLLFO00,PJ,PJ_a
TFSLJETIAN01,PJ,PJ_a
TFSLJETIAN00,PJ,PJ_a
TFSLJETIAE01,PJ,PJ_a
TFSLJETIAE00,PJ,PJ_a
TFSLJETDAN01,PJ,PJ_a
TFSLJETDAN00,PJ,PJ_a
TFSLJETDAE01,PJ,PJ_a
TFSLJETDAE00,PJ,PJ_a
TFSLHYLIA01,PJ,PJ_a
TFSLHYLDA01,PJ,PJ_a
TFSLHYL01,PJ,PJ_a
TFSLHYGL01,PJ,PJ_a
TFSLHYGIS01,PJ,PJ_a
TFSLHYGDS01,PJ,PJ_a
TFSLHYG01,PJ,PJ_a
TFSLHFOIS01,PJ,PJ_a
TFSLHFOIS00,PJ,PJ_a
TFSLHFODS01,PJ,PJ_a
TFSLHFODS00,PJ,PJ_a
TFSLETH01,PJ,PJ_a
TFSLETH00,PJ,PJ_a
TFSLDST01,PJ,PJ_a
TFSLDST00,PJ,PJ_a
TFSLCNG01,PJ,PJ_a
TFSLBIOOILIS01,PJ,PJ_a
TFSLBIOLFODS01,PJ,PJ_a
TFSLBIOLFO01,PJ,PJ_a
TFSLBIOJET-FTIA01,PJ,PJ_a
TFSLBIOJET-FTDA01,PJ,PJ_a
TFSLBIODST-FT01,PJ,PJ_a
TFSLBIODST01,PJ,PJ_a
TFSLBIODST00,PJ,PJ_a
TFFCHYG01,Btkm,Btkm_a
TFELC01,Btkm,Btkm_a
TFELC00,Btkm,Btkm_a
TFDST01,Btkm,Btkm_a
TFDST00,Btkm,Btkm_a
TDISTELC01,GW,PJ_a
TDISTELC00,GW,PJ_a
TCPHBPET01,Bv-km,000V
TCPHBDST01,Bv-km,000V
TCPET01,Bv-km,000V
TCPET00,Bv-km,000V
TCLPG01,Bv-km,000V
TCLPG00,Bv-km,000V
TCHBPET01,Bv-km,000V
TCHBPET00,Bv-km,000V
TCHBHYL01,Bv-km,000V
TCHBDST01,Bv-km,000V
TCFCPHBHYG01,Bv-km,000V
TCFCHYG01,Bv-km,000V
TCFCHBHYG01,Bv-km,000V
TCELC01,Bv-km,000V
TCE8501,Bv-km,000V
TCDST01,Bv-km,000V
TCDST00,Bv-km,000V
TCCNG01,Bv-km,000V
TBHBDST01,Bv-km,000V
TBFCHBHYG01,Bv-km,000V
TBELC01,Bv-km,000V
TBDST01,Bv-km,000V
TBDST00,Bv-km,000V
TBCNG01,Bv-km,000V
TAIJETN01,PJ,PJ_a
TAIJETN00,PJ,PJ_a
TAIJETE01,PJ,PJ_a
TAIJETE00,PJ,PJ_a
TAIHYLN01,PJ,PJ_a
TAIHYLE01,PJ,PJ_a
TADJETN01,Bpkm,Bpkm_a
TADJETN00,Bp-km,Bp-km_a
TADJETE01,Bpkm,Bpkm_a
TADJETE00,Bp-km,Bp-km_a
TADHYLN01,Bpkm,Bpkm_a
TADHYLE01,Bpkm,Bpkm_a
SWLWHTRG01,PJ,PJ_a
SWLWHTRG00,PJ,PJ_a
SWLWHTRE01,PJ,PJ_a
SWLWHTRE00,PJ,PJ_a
SWLDSTD01,PJ,PJ_a
SWLDSTD00,PJ,PJ_a
SWHWHTRE01,PJ,PJ_a
SWHWHTRE00,PJ,PJ_a
SWHDSTD01,PJ,PJ_a
SWHDSTD00,PJ,PJ_a
SWHDPIP01,PJ,PJ_a
SWHDPIP00,PJ,PJ_a
SWHBLRRW01,PJ,PJ_a
SWHBLRRW00,PJ,PJ_a
SWHBLRRO01,PJ,PJ_a
SWHBLRRO00,PJ,PJ_a
SWHBLRRH01,PJ,PJ_a
SWHBLRRG01,PJ,PJ_a
SWHBLRRG00,PJ,PJ_a
SWHBLRRC01,PJ,PJ_a
SWHBLRRC00,PJ,PJ_a
SSERVPHYG01,PJ,PJ_a
SSERVPGAS01,PJ,PJ_a
SSERVPGAS00,PJ,PJ_a
SREFEHFO01,PJ,PJ_a
SREFEHFO00,PJ,PJ_a
SREFEHFC01,PJ,PJ_a
SREFEHFC00,PJ,PJ_a
SOTHNGA01,PJ,PJ_a
SOTHNGA00,PJ,PJ_a
SOTHELC01,PJ,PJ_a
SOTHELC00,PJ,PJ_a
SMETERELC01,PJ,GW
SMETERELC00,GW,PJ_a
SMAINPHYG01,PJ,PJ_a
SMAINPGAS01,PJ,PJ_a
SMAINPGAS00,PJ,PJ_a
SLOTELED01,M-Units,M-Units_a
SLOTELED00,M-Units,M-Units_a
SLOTECCL01,M-Units,M-Units_a
SLOTECCL00,M-Units,M-Units_a
SLOFELED01,M-Units,M-Units_a
SLOFELED00,M-Units,M-Units_a
SLOFEFLU01,M-Units,M-Units_a
SLOFEFLU00,M-Units,M-Units_a
SHYGNGA01,PJ,PJ_a
SHLSTGNT01,PJ,PJ_a
SHLSTGNT00,PJ,PJ_a
SHLSHTRO00,PJ,PJ_a
SHLSHTRG00,PJ,PJ_a
SHLSHTRE01,PJ,PJ_a
SHLSHTRE00,PJ,PJ_a
SHLREFCG01,PJ,PJ_a
SHLNSTRE01,PJ,PJ_a
SHLNSTRE00,PJ,PJ_a
SHLGHSUE01,PJ,PJ_a
SHLGHSRE01,PJ,PJ_a
SHLGHPUE01,PJ,PJ_a
SHLGHPRE01,PJ,PJ_a
SHLGHBUE01,PJ,PJ_a
SHLGHBRE01,PJ,PJ_a
SHLDUND01,PJ,PJ_a
SHLDSTD01,PJ,PJ_a
SHLDSTD00,PJ,PJ_a
SHLDRAD01,PJ,PJ_a
SHLDRAD00,PJ,PJ_a
SHLDHP101,PJ,PJ_a
SHLDHP100,PJ,PJ_a
SHLCHPRW01,PJ,GW
SHLCHPRH01,PJ,GW
SHLCHPRG01,PJ,GW
SHLCHBRH01,PJ,PJ_a
SHLBLSRW01,PJ,PJ_a
SHLBLSRP01,PJ,PJ_a
SHLBLSRO01,PJ,PJ_a
SHLBLSRH01,PJ,PJ_a
SHLBLSRG01,PJ,PJ_a
SHLBLSRE01,PJ,PJ_a
SHLBLRRW01,PJ,PJ_a
SHLBLRRW00,PJ,PJ_a
SHLBLRRO00,PJ,PJ_a
SHLBLRRG00,PJ,PJ_a
SHLBLRRE01,PJ,PJ_a
SHLBLRRE00,PJ,PJ_a
SHLBLRRC00,PJ,PJ_a
SHLBLCRP01,PJ,PJ_a
SHLBLCRO01,PJ,PJ_a
SHLBLCRO00,PJ,PJ_a
SHLBLCRH01,PJ,PJ_a
SHLBLCRG01,PJ,PJ_a
SHLBLCRG00,PJ,PJ_a
SHLAHSUE01,PJ,PJ_a
SHLAHSRE01,PJ,PJ_a
SHLAHPUE01,PJ,PJ_a
SHLAHPRE01,PJ,PJ_a
SHLAHPRE00,PJ,PJ_a
SHLAHBUE01,PJ,PJ_a
SHLAHBRE01,PJ,PJ_a
SHHVACAE02,PJ,PJ_a
SHHVACAE01,PJ,PJ_a
SHHVACAE00,PJ,PJ_a
SHHFCLRH01,PJ,GW
SHHDRAD01,PJ,PJ_a
SHHDRAD00,PJ,PJ_a
SHHDHP101,PJ,PJ_a
SHHDHP100,PJ,PJ_a
SHHDAIR01,PJ,PJ_a
SHHDAIR00,PJ,PJ_a
SHHBLRRW01,PJ,PJ_a
SHHBLRRW00,PJ,PJ_a
SHHBLRRO01,PJ,PJ_a
SHHBLRRO00,PJ,PJ_a
SHHBLRRH01,PJ,PJ_a
SHHBLRRG01,PJ,PJ_a
SHHBLRRG00,PJ,PJ_a
SHHBLRRE01,PJ,PJ_a
SHHBLRRE00,PJ,PJ_a
SHHBLRRC01,PJ,PJ_a
SHHBLRRC00,PJ,PJ_a
SHHA-CAE02,PJ,PJ_a
SHHA-CAE01,PJ,PJ_a
SHHA-CAE00,PJ,PJ_a
SERWOD01,PJ,PJ_a
SERWOD00,PJ,PJ_a
SERSOL01,PJ,PJ_a
SERPELH01,PJ,PJ_a
SERNGA01,PJ,PJ_a
SERNGA00,PJ,PJ_a
SERMSWORG01,PJ,PJ_a
SERMSWORG00,PJ,PJ_a
SERMSWINO01,PJ,PJ_a
SERMSWINO00,PJ,PJ_a
SERMSWBIO01,PJ,PJ_a
SERLPG01,PJ,PJ_a
SERLPG00,PJ,PJ_a
SERLFO01,PJ,PJ_a
SERLFO00,PJ,PJ_a
SERKER01,PJ,PJ_a
SERKER00,PJ,PJ_a
SERHYG01,PJ,PJ_a
SERHFO01,PJ,PJ_a
SERHFO00,PJ,PJ_a
SERGEO01,PJ,PJ_a
SERGEO00,PJ,PJ_a
SERELC01,PJ,PJ_a
SERELC00,PJ,PJ_a
SERCOA01,PJ,PJ_a
SERCOA00,PJ,PJ_a
SERBOM01,PJ,PJ_a
SERBOG-SW01,PJ,PJ_a
SERBOG-SW00,PJ,PJ_a
SERBIOLFO01,PJ,PJ_a
SDISTELC01,PJ,GW
SDISTELC00,GW,PJ_a
SDH-SWHS01,PJ,PJ_a
SDH-BLRW01,PJ,PJ_a
SDH-BLRH01,PJ,PJ_a
SDH-BLRG01,PJ,PJ_a
SDH-BLRG00,PJ,PJ_a
SDH-BLRE01,PJ,PJ_a
SDH-BLRC01,PJ,PJ_a
SDH-BLRC00,PJ,PJ_a
SCSVROFP01,PJ,PJ_a
SCSVROFF01,PJ,PJ_a
SCSVPTHM01,PJ,PJ_a
SCSVLTMR01,PJ,PJ_a
SCSVLPDT01,PJ,PJ_a
SCSVCAVW01,PJ,PJ_a
SCSVACON01,PJ,PJ_a
SCPECOMP01,PJ,PJ_a
SCPECOMP00,PJ,PJ_a
SCKOTH000,PJ,PJ_a
SCKNGA001,PJ,PJ_a
SCKNGA000,PJ,PJ_a
SCKLFO001,PJ,PJ_a
SCKHYG001,PJ,PJ_a
SCKELC001,PJ,PJ_a
SCKELC000,PJ,PJ_a
SCHP-STW01,PJ,GW
SCHP-STW00,PJ,GW
SCHP-STM01,PJ,GW
SCHP-GES01,PJ,GW
SCHP-GES00,PJ,GW
SCHP-FCH01,PJ,GW
SCHP-CCH01,PJ,GW
SCHP-CCG01,PJ,GW
SCHP-CCG00,PJ,GW
SCHP-ADM01,PJ,GW
SCHDAIR01,PJ,PJ_a
SCHDAIR00,PJ,PJ_a
RWNWHTRG01,PJ,PJ_a
RWNWHTRE01,PJ,PJ_a
RWNSA01,PJ,PJ_a
RWEWHTRG01,PJ,PJ_a
RWEWHTRG00,PJ,PJ_a
RWEWHTRE01,PJ,PJ_a
RWEWHTRE00,PJ,PJ_a
RWESOLRS00,PJ,PJ_a
RWESA01,PJ,PJ_a
RWESA00,PJ,PJ_a
RSERVPHYG01,PJ,PJ_a
RSERVPGAS01,PJ,PJ_a
RSERVPGAS00,PJ,PJ_a
RNWWNDONS,PJ,PJ_a
RNWWNDOFF,PJ,PJ_a
RNWWAV,PJ,PJ_a
RNWWAT,PJ,PJ_a
RNWTID,PJ,PJ_a
RNWSOL,PJ,PJ_a
RNWHYDROR,PJ,PJ_a
RNWHYDDAM,PJ,PJ_a
RNWGEO,PJ,PJ_a
RMETERELC01,GW,PJ_a
RMETERELC00,GW,PJ_a
RMAINPHYG01,PJ,PJ_a
RMAINPGAS01,PJ,PJ_a
RMAINPGAS00,PJ,PJ_a
RHYGNGA01,PJ,PJ_a
RHNUND01,PJ,PJ_a
RHNSTGNT01,PJ,PJ_a
RHNSHTRG01,PJ,PJ_a
RHNSHTRE01,PJ,PJ_a
RHNSA01,PJ,PJ_a
RHNREFCG01,PJ,PJ_a
RHNRAD01,PJ,PJ_a
RHNNSTRE01,PJ,PJ_a
RHNGHSUE01,PJ,PJ_a
RHNGHSRE01,PJ,PJ_a
RHNGHPUE01,PJ,PJ_a
RHNGHPRE01,PJ,PJ_a
RHNGHBUE01,PJ,PJ_a
RHNGHBRE01,PJ,PJ_a
RHNDUMMY00,PJ,PJ_a
RHNDHP401,PJ,PJ_a
RHNDHP301,PJ,PJ_a
RHNDHP201,PJ,PJ_a
RHNDHP101,PJ,PJ_a
RHNCHPRW01,PJ,GW
RHNCHPRH01,PJ,GW
RHNCHPRG01,PJ,GW
RHNCHBRH01,PJ,PJ_a
RHNBLSRW01,PJ,PJ_a
RHNBLSRP01,PJ,PJ_a
RHNBLSRO01,PJ,PJ_a
RHNBLSRH01,PJ,PJ_a
RHNBLSRG01,PJ,PJ_a
RHNBLSRE01,PJ,PJ_a
RHNBLRRW01,PJ,PJ_a
RHNBLRRE01,PJ,PJ_a
RHNBLCRP01,PJ,PJ_a
RHNBLCRO01,PJ,PJ_a
RHNBLCRH01,PJ,PJ_a
RHNBLCRG01,PJ,PJ_a
RHNAHSUE01,PJ,PJ_a
RHNAHSRE01,PJ,PJ_a
RHNAHPUE01,PJ,PJ_a
RHNAHPRE01,PJ,PJ_a
RHNAHBUE01,PJ,PJ_a
RHNAHBRE01,PJ,PJ_a
RHEUND01,PJ,PJ_a
RHESTGNT01,PJ,PJ_a
RHESTGNT00,PJ,PJ_a
RHESHTRG01,PJ,PJ_a
RHESHTRG00,PJ,PJ_a
RHESHTRE01,PJ,PJ_a
RHESHTRE00,PJ,PJ_a
RHESA01,PJ,PJ_a
RHESA00,PJ,PJ_a
RHEREFCG01,PJ,PJ_a
RHERAD01,PJ,PJ_a
RHERAD00,PJ,PJ_a
RHENSTRE01,PJ,PJ_a
RHENSTRE00,PJ,PJ_a
RHEGHSUE01,PJ,PJ_a
RHEGHSRE01,PJ,PJ_a
RHEGHPUE01,PJ,PJ_a
RHEGHPRE01,PJ,PJ_a
RHEGHBUE01,PJ,PJ_a
RHEGHBRE01,PJ,PJ_a
RHEDHP401,PJ,PJ_a
RHEDHP400,PJ,PJ_a
RHEDHP301,PJ,PJ_a
RHEDHP300,PJ,PJ_a
RHEDHP201,PJ,PJ_a
RHEDHP200,PJ,PJ_a
RHEDHP101,PJ,PJ_a
RHEDHP100,PJ,PJ_a
RHECHPRW01,PJ,GW
RHECHPRH01,PJ,GW
RHECHPRG01,PJ,GW
RHECHBRH01,PJ,PJ_a
RHEBLSRW01,PJ,PJ_a
RHEBLSRP01,PJ,PJ_a
RHEBLSRO01,PJ,PJ_a
RHEBLSRH01,PJ,PJ_a
RHEBLSRG01,PJ,PJ_a
RHEBLSRE01,PJ,PJ_a
RHEBLRRW01,PJ,PJ_a
RHEBLRRW00,PJ,PJ_a
RHEBLRRO00,PJ,PJ_a
RHEBLRRG00,PJ,PJ_a
RHEBLRRE01,PJ,PJ_a
RHEBLRRE00,PJ,PJ_a
RHEBLRRC00,PJ,PJ_a
RHEBLCRP01,PJ,PJ_a
RHEBLCRO01,PJ,PJ_a
RHEBLCRO00,PJ,PJ_a
RHEBLCRH01,PJ,PJ_a
RHEBLCRG01,PJ,PJ_a
RHEBLCRG00,PJ,PJ_a
RHEAHSUE01,PJ,PJ_a
RHEAHSRE01,PJ,PJ_a
RHEAHPUE01,PJ,PJ_a
RHEAHPRE01,PJ,PJ_a
RHEAHPRE00,PJ,PJ_a
RHEAHBUE01,PJ,PJ_a
RHEAHBRE01,PJ,PJ_a
RHCSVWIN01,PJ,PJ_a
RHCSVSOL03,PJ,PJ_a
RHCSVSOL02,PJ,PJ_a
RHCSVSOL01,PJ,PJ_a
RHCSVLOF01,PJ,PJ_a
RHCSVFLU01,PJ,PJ_a
RHCSVFLR01,PJ,PJ_a
RHCSVDFT01,PJ,PJ_a
RHCSVCYL01,PJ,PJ_a
RHCSVCON01,PJ,PJ_a
RHCSVCAV02,PJ,PJ_a
RHCSVCAV01,PJ,PJ_a
REWETALL01,PJ,PJ_a
REWETALL00,PJ,PJ_a
RESWODL01,PJ,PJ_a
RESWODL00,PJ,PJ_a
RESWOD01,PJ,PJ_a
RESWOD00,PJ,PJ_a
RESSOL01,PJ,PJ_a
RESSOL00,PJ,PJ_a
RESPELH01,PJ,PJ_a
RESNGAS01,PJ,PJ_a
RESNGAS00,PJ,PJ_a
RESLPG01,PJ,PJ_a
RESLPG00,PJ,PJ_a
RESLFO01,PJ,PJ_a
RESLFO00,PJ,PJ_a
RESKER01,PJ,PJ_a
RESKER00,PJ,PJ_a
RESHYG01,PJ,PJ_a
RESELC01,PJ,PJ_a
RESELC00,PJ,PJ_a
RESCOK01,PJ,PJ_a
RESCOK00,PJ,PJ_a
RESCOA01,PJ,PJ_a
RESCOA00,PJ,PJ_a
RESBIOM01,PJ,PJ_a
RESBIOLFO01,PJ,PJ_a
REOTHER01,PJ,PJ_a
REOTHER00,PJ,PJ_a
RELITLED01,M-Units,M-Units_a
RELITLED00,M-Units,M-Units_a
RELITENS01,M-Units,M-Units_a
RELITENS00,M-Units,M-Units_a
RELITCON01,M-Units,M-Units_a
RELITCON00,M-Units,M-Units_a
RECOMPUT01,PJ,PJ_a
RECOMPUT00,PJ,PJ_a
RECOLREF02,M-Units,M-Units_a
RECOLREF01,M-Units,M-Units_a
RECOLREF00,M-Units,M-Units_a
RECOLFRE02,M-Units,M-Units_a
RECOLFRE01,M-Units,M-Units_a
RECOLFRE00,M-Units,M-Units_a
REAUDVIS01,PJ,PJ_a
REAUDVIS00,PJ,PJ_a
REAIRCON01,M-Units,M-Units_a
REAIRCON00,M-Units,M-Units_a
RDISTELC01,GW,PJ_a
RDISTELC00,GW,PJ_a
RDH-SWHSN01,PJ,PJ_a
RDH-SWHSE01,PJ,PJ_a
RDH-BLRWN01,PJ,PJ_a
RDH-BLRWE01,PJ,PJ_a
RDH-BLRHN01,PJ,PJ_a
RDH-BLRHE01,PJ,PJ_a
RDH-BLRGN01,PJ,PJ_a
RDH-BLRGE01,PJ,PJ_a
RDH-BLRGE00,PJ,PJ_a
RDH-BLREN01,PJ,PJ_a
RDH-BLREE01,PJ,PJ_a
RCHP-STWN01,PJ,GW
RCHP-STWE01,PJ,GW
RCHP-FCHN01,PJ,GW
RCHP-FCHE01,PJ,GW
RCHP-CCHN01,PJ,GW
RCHP-CCHE01,PJ,GW
RCHP-CCGN01,PJ,GW
RCHP-CCGE01,PJ,GW
RCHP-CCGE00,PJ,GW
RCHHOVEN01,M-Units,M-Units_a
RCHHHOB01,M-Units,M-Units_a
RCHGOVEN01,M-Units,M-Units_a
RCHGOVEN00,M-Units,M-Units_a
RCHGHOB01,M-Units,M-Units_a
RCHGHOB00,M-Units,M-Units_a
RCHEOVEN01,M-Units,M-Units_a
RCHEOVEN00,M-Units,M-Units_a
RCHEHOB01,M-Units,M-Units_a
RCHEHOB00,M-Units,M-Units_a
RCEOTHER01,PJ,PJ_a
RCEOTHER00,PJ,PJ_a
PWLFMSWORG01,PJ,PJ_a
PWLFMSWORG00,PJ,PJ_a
PWLFMSWINO01,PJ,PJ_a
PWLFMSWINO00,PJ,PJ_a
PWLFMSWBIO01,PJ,PJ_a
PWLFMSWBIO00,PJ,PJ_a
PWLFLEGACY00,PJ,PJ_a
PVOILRSD01,PJ,PJ_a
PURND1901,PJ,PJ_a
PURND0901,PJ,PJ_a
PURND04501,PJ,PJ_a
PURN1901,PJ,PJ_a
PURN0901,PJ,PJ_a
PURN04501,PJ,PJ_a
PURN04500,PJ,PJ_a
PRCOILCRD01,PJ,PJ_a
PRCOILCRD00,PJ,PJ_a
PRCNGA01,PJ,PJ_a
PRCNGA00,PJ,PJ_a
PRCHFO01,PJ,PJ_a
PRCHFO00,PJ,PJ_a
PRCELC01,PJ,PJ_a
PRCELC00,PJ,PJ_a
PRCCOACOK01,PJ,PJ_a
PRCCOACOK00,PJ,PJ_a
PRCCOA01,PJ,PJ_a
PRCCOA00,PJ,PJ_a
PPELLBIOS01,PJ,PJ_a
PPELLBIOS00,PJ,PJ_a
PPELHWOD01,PJ,PJ_a
POILSYN01,PJ,PJ_a
POILREF02,PJ,PJ_a
POILREF01,PJ,PJ_a
POILREF00,PJ,PJ_a
POILLFODST01,PJ,PJ_a
POILJETKER01,PJ,PJ_a
PNUCISO01,PJ,PJ_a
PMETWOD01,PJ,PJ_a
PHYGWSTQ01,PJ,PJ_a
PHYGWST01,PJ,PJ_a
PHYGSTOS01,PJ,PJ_a
PHYGSTOL01,PJ,PJ_a
PHYGNGALQ01,PJ,PJ_a
PHYGNGAL01,PJ,PJ_a
PHYGLIQL01,PJ,PJ_a
PHYGEYSL01,PJ,PJ_a
PHYGEYSE01,PJ,PJ_a
PHYGCOAQ01,PJ,PJ_a
PHYGCOA01,PJ,PJ_a
PHYGBPELQ01,PJ,PJ_a
PHYGBPEL01,PJ,PJ_a
PHYGBIOOILQ01,PJ,PJ_a
PHYGBIOOIL01,PJ,PJ_a
PHTANKER01,PJ,PJ_a
PHPIPETRAN01,PJ,PJ_a
PHPIPEDIST01,PJ,PJ_a
PHPELL01,PJ,PJ_a
PHPELH01,PJ,PJ_a
PHNGAL01,PJ,PJ_a
PHMSWORG01,PJ,PJ_a
PHMSWINO01,PJ,PJ_a
PHELCSURP01,PJ,GW
PHELCL01,PJ,GW
PHELC01,PJ,GW
PHCOA01,PJ,PJ_a
PHBIOOIL01,PJ,PJ_a
PETHWOD01,PJ,PJ_a
PETHSTWWST01,PJ,PJ_a
PETHSTARCH01,PJ,PJ_a
PETHSBT01,PJ,PJ_a
PETHGRASS01,PJ,PJ_a
PETH00,PJ,PJ_a
PCOK01,PJ,PJ_a
PCOK00,PJ,PJ_a
PCOASYN01,PJ,PJ_a
PCHP-CCP01,PJ,GW
PCHP-CCP00,PJ,GW
PBWODWSTTRT01,PJ,PJ_a
PBSTWWSTTRT01,PJ,PJ_a
PBOG-SW01,PJ,PJ_a
PBOGSTARCH01,PJ,PJ_a
PBOGSLURRY01,PJ,PJ_a
PBOGPOLWST01,PJ,PJ_a
PBOGMSWBIO01,PJ,PJ_a
PBOG-GUP01,PJ,PJ_a
PBOG-G01,PJ,PJ_a
PBOGBOM01,PJ,PJ_a
PBIOOPELL01,PJ,PJ_a
PBIOOPELH01,PJ,PJ_a
PBIOLFOOIL01,PJ,PJ_a
PBIODST-FT02,PJ,PJ_a
PBIODST-FT01,PJ,PJ_a
PBIODST01,PJ,PJ_a
PBIODST00,PJ,PJ_a
MINOILCRD9,PJ,PJ_a
MINOILCRD8,PJ,PJ_a
MINOILCRD7,PJ,PJ_a
MINOILCRD6,PJ,PJ_a
MINOILCRD5,PJ,PJ_a
MINOILCRD4,PJ,PJ_a
MINOILCRD3,PJ,PJ_a
MINOILCRD2,PJ,PJ_a
MINOILCRD1,PJ,PJ_a
MINNGASHL3,PJ,PJ_a
MINNGASHL2,PJ,PJ_a
MINNGASHL1,PJ,PJ_a
MINNGA9,PJ,PJ_a
MINNGA8,PJ,PJ_a
MINNGA7,PJ,PJ_a
MINNGA6,PJ,PJ_a
MINNGA5,PJ,PJ_a
MINNGA4,PJ,PJ_a
MINNGA3,PJ,PJ_a
MINNGA2,PJ,PJ_a
MINNGA1,PJ,PJ_a
MINMSWORG,PJ,PJ_a
MINMSWINO,PJ,PJ_a
MINMSWBIO,PJ,PJ_a
MINLAND,Mha,Mha_a
MINISSCR,Mt,Mt_a
MINISPLT,Mt,Mt_a
MINISOXY,Mt,Mt_a
MINISORE,Mt,Mt_a
MINISLIM,Mt,Mt_a
MINISCIR,Mt,Mt_a
MINCOACOK2,PJ,PJ_a
MINCOACOK1,PJ,PJ_a
MINCOA6,PJ,PJ_a
MINCOA5,PJ,PJ_a
MINCOA4,PJ,PJ_a
MINCOA3,PJ,PJ_a
MINCOA2,PJ,PJ_a
MINCOA1,PJ,PJ_a
MINCMLST,Mt,Mt_a
MINBWODWST,PJ,PJ_a
MINBWODLOG,PJ,PJ_a
MINBWOD4,PJ,PJ_a
MINBWOD3,PJ,PJ_a
MINBWOD2,PJ,PJ_a
MINBWOD1,PJ,PJ_a
MINBWHT3,PJ,PJ_a
MINBWHT2,PJ,PJ_a
MINBWHT1,PJ,PJ_a
MINBVOFAT,PJ,PJ_a
MINBSUGAR,PJ,PJ_a
MINBSTWWST1,PJ,PJ_a
MINBSLURRY1,PJ,PJ_a
MINBSEWSLG,PJ,PJ_a
MINBRSEED,PJ,PJ_a
MINBPOLWST1,PJ,PJ_a
MINBOG-SW,PJ,PJ_a
MINBOG-LF,PJ,PJ_a
MINBGRASS3,PJ,PJ_a
MINBGRASS2,PJ,PJ_a
MINBGRASS1,PJ,PJ_a
IPPPRSIMP01,Mt,Mt_a
IPPPROPRS01,Mt,Mt_a
IPPPROPRS00,Mt,Mt_a
IPPPROOTH01,Mt,Mt_a
IPPPROOTH00,Mt,Mt_a
IPPPRODSF01,Mt,Mt_a
IPPPRODRY04,Mt,Mt_a
IPPPRODRY03,Mt,Mt_a
IPPPRODRY02,Mt,Mt_a
IPPPRODRY01,Mt,Mt_a
IPPPRODRY00,Mt,Mt_a
IPPOTHIMP02,Mt,Mt_a
IPPOTHIMP01,Mt,Mt_a
IPPFINPRO01,Mt,Mt_a
IPPFINPRO00,Mt,Mt_a
IPPDRYIMP6,Mt,Mt_a
IPPDRYIMP5,Mt,Mt_a
IPPDRYIMP4,Mt,Mt_a
IPPDRYIMP3,Mt,Mt_a
IPPDRYIMP2,Mt,Mt_a
IPPDRYIMP1,Mt,Mt_a
IPPCHPWST01,PJ,GW
IPPCHPWST00,PJ,GW
IPPCHPNGA00,PJ,GW
IPPCHPGT01,PJ,GW
IPPCHPFCH01,PJ,GW
IPPCHPCOA01,PJ,GW
IPPCHPCOA00,PJ,GW
IPPCHPCCGTH01,PJ,GW
IPPCHPCCGT01,PJ,GW
IPPCHPBIOS01,PJ,GW
IPPCHPBIOS00,PJ,GW
IPPCHPBIOG01,PJ,GW
IPPBOINGA01,PJ,PJ_a
IPPBOINGA00,PJ,PJ_a
IPPBOIHYG01,PJ,PJ_a
IPPBOICOA01,PJ,PJ_a
IPPBOICOA00,PJ,PJ_a
IPPBOIBIO01,PJ,PJ_a
IPPALLPRS01,PJ,PJ_a
IPPALLPRS00,PJ,PJ_a
IPPALLOTH01,PJ,PJ_a
IPPALLOTH00,PJ,PJ_a
IPPALLDRY01,PJ,PJ_a
IPPALLDRY00,PJ,PJ_a
IOIREFEHFO01,PJ,PJ_a
IOIREFEHFC01,PJ,PJ_a
IOIREFEHFC00,PJ,PJ_a
IOIOTHSTM01,PJ,PJ_a
IOIOTHSTM00,PJ,PJ_a
IOIOTHNGA01,PJ,PJ_a
IOIOTHNGA00,PJ,PJ_a
IOIOTHLPG01,PJ,PJ_a
IOIOTHLPG00,PJ,PJ_a
IOIOTHLFO01,PJ,PJ_a
IOIOTHLFO00,PJ,PJ_a
IOIOTHKER01,PJ,PJ_a
IOIOTHKER00,PJ,PJ_a
IOIOTHHFO01,PJ,PJ_a
IOIOTHHFO00,PJ,PJ_a
IOIOTHHDG01,PJ,PJ_a
IOIOTHHCO01,PJ,PJ_a
IOIOTHHCO00,PJ,PJ_a
IOIOTHELC01,PJ,PJ_a
IOIOTHELC00,PJ,PJ_a
IOIOTHCOK01,PJ,PJ_a
IOIOTHCOK00,PJ,PJ_a
IOIOTHBIOS01,PJ,PJ_a
IOIOTHBIOS00,PJ,PJ_a
IOIOTHBIOL01,PJ,PJ_a
IOIOTHBIOG01,PJ,PJ_a
IOIOTHBIOG00,PJ,PJ_a
IOIOTHBENZ01,PJ,PJ_a
IOIOTHBENZ00,PJ,PJ_a
IOIMOTELC02,PJ,PJ_a
IOIMOTELC01,PJ,PJ_a
IOIMOTELC00,PJ,PJ_a
IOILTHSTM01,PJ,PJ_a
IOILTHSTM00,PJ,PJ_a
IOILTHNGA02,PJ,PJ_a
IOILTHNGA01,PJ,PJ_a
IOILTHNGA00,PJ,PJ_a
IOILTHLPG02,PJ,PJ_a
IOILTHLPG01,PJ,PJ_a
IOILTHLPG00,PJ,PJ_a
IOILTHLFO02,PJ,PJ_a
IOILTHLFO01,PJ,PJ_a
IOILTHLFO00,PJ,PJ_a
IOILTHKER02,PJ,PJ_a
IOILTHKER01,PJ,PJ_a
IOILTHKER00,PJ,PJ_a
IOILTHHFO02,PJ,PJ_a
IOILTHHFO01,PJ,PJ_a
IOILTHHFO00,PJ,PJ_a
IOILTHHDG02,PJ,PJ_a
IOILTHHDG01,PJ,PJ_a
IOILTHHCO02,PJ,PJ_a
IOILTHHCO01,PJ,PJ_a
IOILTHHCO00,PJ,PJ_a
IOILTHELC02,PJ,PJ_a
IOILTHELC01,PJ,PJ_a
IOILTHELC00,PJ,PJ_a
IOILTHCOK02,PJ,PJ_a
IOILTHCOK01,PJ,PJ_a
IOILTHCOK00,PJ,PJ_a
IOILTHBIOS02,PJ,PJ_a
IOILTHBIOS01,PJ,PJ_a
IOILTHBIOS00,PJ,PJ_a
IOILTHBIOL02,PJ,PJ_a
IOILTHBIOL01,PJ,PJ_a
IOILTHBIOG02,PJ,PJ_a
IOILTHBIOG01,PJ,PJ_a
IOILTHBIOG00,PJ,PJ_a
IOILTHBENZ02,PJ,PJ_a
IOILTHBENZ01,PJ,PJ_a
IOILTHBENZ00,PJ,PJ_a
IOIHTHNGA01,PJ,PJ_a
IOIHTHNGA00,PJ,PJ_a
IOIHTHLPG01,PJ,PJ_a
IOIHTHLPG00,PJ,PJ_a
IOIHTHLFO01,PJ,PJ_a
IOIHTHLFO00,PJ,PJ_a
IOIHTHKER01,PJ,PJ_a
IOIHTHKER00,PJ,PJ_a
IOIHTHHFO01,PJ,PJ_a
IOIHTHHFO00,PJ,PJ_a
IOIHTHHDG01,PJ,PJ_a
IOIHTHHCO01,PJ,PJ_a
IOIHTHHCO00,PJ,PJ_a
IOIHTHELC01,PJ,PJ_a
IOIHTHELC00,PJ,PJ_a
IOIHTHCOK01,PJ,PJ_a
IOIHTHCOK00,PJ,PJ_a
IOIHTHBIOS01,PJ,PJ_a
IOIHTHBIOS00,PJ,PJ_a
IOIHTHBIOL01,PJ,PJ_a
IOIHTHBIOG01,PJ,PJ_a
IOIHTHBIOG00,PJ,PJ_a
IOIHTHBENZ01,PJ,PJ_a
IOIHTHBENZ00,PJ,PJ_a
IOIDRYSTM01,PJ,PJ_a
IOIDRYSTM00,PJ,PJ_a
IOIDRYNGA02,PJ,PJ_a
IOIDRYNGA01,PJ,PJ_a
IOIDRYNGA00,PJ,PJ_a
IOIDRYLPG02,PJ,PJ_a
IOIDRYLPG01,PJ,PJ_a
IOIDRYLPG00,PJ,PJ_a
IOIDRYLFO02,PJ,PJ_a
IOIDRYLFO01,PJ,PJ_a
IOIDRYLFO00,PJ,PJ_a
IOIDRYKER02,PJ,PJ_a
IOIDRYKER01,PJ,PJ_a
IOIDRYKER00,PJ,PJ_a
IOIDRYHFO02,PJ,PJ_a
IOIDRYHFO01,PJ,PJ_a
IOIDRYHFO00,PJ,PJ_a
IOIDRYHDG02,PJ,PJ_a
IOIDRYHDG01,PJ,PJ_a
IOIDRYHCO02,PJ,PJ_a
IOIDRYHCO01,PJ,PJ_a
IOIDRYHCO00,PJ,PJ_a
IOIDRYELC02,PJ,PJ_a
IOIDRYELC01,PJ,PJ_a
IOIDRYELC00,PJ,PJ_a
IOIDRYCOK02,PJ,PJ_a
IOIDRYCOK01,PJ,PJ_a
IOIDRYCOK00,PJ,PJ_a
IOIDRYBIOS02,PJ,PJ_a
IOIDRYBIOS01,PJ,PJ_a
IOIDRYBIOS00,PJ,PJ_a
IOIDRYBIOL02,PJ,PJ_a
IOIDRYBIOL01,PJ,PJ_a
IOIDRYBIOG02,PJ,PJ_a
IOIDRYBIOG01,PJ,PJ_a
IOIDRYBIOG00,PJ,PJ_a
IOIDRYBENZ02,PJ,PJ_a
IOIDRYBENZ01,PJ,PJ_a
IOIDRYBENZ00,PJ,PJ_a
IOICHPNGA00,PJ,GW
IOICHPHFO00,PJ,GW
IOICHPGT01,PJ,GW
IOICHPFCH01,PJ,GW
IOICHPCOA01,PJ,GW
IOICHPCCGTH01,PJ,GW
IOICHPCCGT01,PJ,GW
IOICHPBIOS01,PJ,GW
IOICHPBIOS00,PJ,GW
IOICHPBIOG01,PJ,GW
IOI01,PJ,PJ_a
IOI00,PJ,PJ_a
INMOTHSTM01,PJ,PJ_a
INMOTHSTM00,PJ,PJ_a
INMOTHNGA01,PJ,PJ_a
INMOTHNGA00,PJ,PJ_a
INMOTHLFO01,PJ,PJ_a
INMOTHLFO00,PJ,PJ_a
INMOTHHFO01,PJ,PJ_a
INMOTHHDG01,PJ,PJ_a
INMOTHHCO01,PJ,PJ_a
INMOTHELC01,PJ,PJ_a
INMOTHELC00,PJ,PJ_a
INMOTHBIOS01,PJ,PJ_a
INMOTHBIOL01,PJ,PJ_a
INMOTHBIOG01,PJ,PJ_a
INMMOTELC02,PJ,PJ_a
INMMOTELC01,PJ,PJ_a
INMMOTELC00,PJ,PJ_a
INMLTHSTM01,PJ,PJ_a
INMLTHSTM00,PJ,PJ_a
INMLTHNGA02,PJ,PJ_a
INMLTHNGA01,PJ,PJ_a
INMLTHNGA00,PJ,PJ_a
INMLTHLFO02,PJ,PJ_a
INMLTHLFO01,PJ,PJ_a
INMLTHLFO00,PJ,PJ_a
INMLTHHFO02,PJ,PJ_a
INMLTHHFO01,PJ,PJ_a
INMLTHHDG02,PJ,PJ_a
INMLTHHDG01,PJ,PJ_a
INMLTHHCO02,PJ,PJ_a
INMLTHHCO01,PJ,PJ_a
INMLTHELC02,PJ,PJ_a
INMLTHELC01,PJ,PJ_a
INMLTHELC00,PJ,PJ_a
INMLTHBIOS02,PJ,PJ_a
INMLTHBIOS01,PJ,PJ_a
INMLTHBIOL02,PJ,PJ_a
INMLTHBIOL01,PJ,PJ_a
INMLTHBIOG02,PJ,PJ_a
INMLTHBIOG01,PJ,PJ_a
INMHTHNGA01,PJ,PJ_a
INMHTHNGA00,PJ,PJ_a
INMHTHLFO01,PJ,PJ_a
INMHTHLFO00,PJ,PJ_a
INMHTHHFO01,PJ,PJ_a
INMHTHHDG01,PJ,PJ_a
INMHTHHCO01,PJ,PJ_a
INMHTHHCO00,PJ,PJ_a
INMHTHELC01,PJ,PJ_a
INMHTHELC00,PJ,PJ_a
INMDRYSTM01,PJ,PJ_a
INMDRYSTM00,PJ,PJ_a
INMDRYNGA02,PJ,PJ_a
INMDRYNGA01,PJ,PJ_a
INMDRYNGA00,PJ,PJ_a
INMDRYLFO02,PJ,PJ_a
INMDRYLFO01,PJ,PJ_a
INMDRYLFO00,PJ,PJ_a
INMDRYHFO02,PJ,PJ_a
INMDRYHFO01,PJ,PJ_a
INMDRYHDG02,PJ,PJ_a
INMDRYHDG01,PJ,PJ_a
INMDRYHCO02,PJ,PJ_a
INMDRYHCO01,PJ,PJ_a
INMDRYELC02,PJ,PJ_a
INMDRYELC01,PJ,PJ_a
INMDRYELC00,PJ,PJ_a
INMDRYBIOS02,PJ,PJ_a
INMDRYBIOS01,PJ,PJ_a
INMDRYBIOL02,PJ,PJ_a
INMDRYBIOL01,PJ,PJ_a
INMDRYBIOG02,PJ,PJ_a
INMDRYBIOG01,PJ,PJ_a
INMCHPNGA00,PJ,GW
INMCHPGT01,PJ,GW
INMCHPFCH01,PJ,GW
INMCHPCOG01,PJ,GW
INMCHPCOG00,PJ,GW
INMCHPCOA01,PJ,GW
INMCHPCCGTH01,PJ,GW
INMCHPCCGT01,PJ,GW
INMCHPBIOS01,PJ,GW
INMCHPBIOG01,PJ,GW
INM01,PJ,PJ_a
INM00,PJ,PJ_a
INFOTHNGA01,PJ,PJ_a
INFOTHNGA00,PJ,PJ_a
INFOTHLFO01,PJ,PJ_a
INFOTHLFO00,PJ,PJ_a
INFOTHHFO01,PJ,PJ_a
INFOTHHFO00,PJ,PJ_a
INFOTHHDG01,PJ,PJ_a
INFOTHHCO01,PJ,PJ_a
INFOTHHCO00,PJ,PJ_a
INFOTHELC01,PJ,PJ_a
INFOTHELC00,PJ,PJ_a
INFOTHBIOS01,PJ,PJ_a
INFOTHBIOL01,PJ,PJ_a
INFOTHBIOG01,PJ,PJ_a
INFMOTELC02,PJ,PJ_a
INFMOTELC01,PJ,PJ_a
INFMOTELC00,PJ,PJ_a
INFHTHNGA01,PJ,PJ_a
INFHTHNGA00,PJ,PJ_a
INFHTHLFO01,PJ,PJ_a
INFHTHLFO00,PJ,PJ_a
INFHTHHFO01,PJ,PJ_a
INFHTHHFO00,PJ,PJ_a
INFHTHHDG01,PJ,PJ_a
INFHTHHCO01,PJ,PJ_a
INFHTHHCO00,PJ,PJ_a
INFHTHELC01,PJ,PJ_a
INFHTHELC00,PJ,PJ_a
INF01,PJ,PJ_a
INF00,PJ,PJ_a
INDWODWST01,PJ,PJ_a
INDWODWST00,PJ,PJ_a
INDWOD01,PJ,PJ_a
INDSYGOIL01,PJ,PJ_a
INDSYGCOA01,PJ,PJ_a
INDPOLWST00,PJ,PJ_a
INDPELL01,PJ,PJ_a
INDPELL00,PJ,PJ_a
INDPELH01,PJ,PJ_a
INDOILLPG00,PJ,PJ_a
INDNGA01,PJ,PJ_a
INDNGA00,PJ,PJ_a
INDNEUNGA01,PJ,PJ_a
INDNEUNGA00,PJ,PJ_a
INDNEUMSC01,PJ,PJ_a
INDNEUMSC00,PJ,PJ_a
INDNEULPG01,PJ,PJ_a
INDNEULPG00,PJ,PJ_a
INDNEULFO01,PJ,PJ_a
INDNEULFO00,PJ,PJ_a
INDMSWORG01,PJ,PJ_a
INDMSWORG00,PJ,PJ_a
INDMSWINO01,PJ,PJ_a
INDMSWINO00,PJ,PJ_a
INDLPG01,PJ,PJ_a
INDLFO01,PJ,PJ_a
INDLFO00,PJ,PJ_a
INDKER01,PJ,PJ_a
INDKER00,PJ,PJ_a
INDHYG01,PJ,PJ_a
INDHFO01,PJ,PJ_a
INDHFO00,PJ,PJ_a
INDHFCOTH01,Mt,Mt_a
INDHFCOTH00,Mt,Mt_a
INDELC01,PJ,PJ_a
INDELC00,PJ,PJ_a
INDCOK01,PJ,PJ_a
INDCOK00,PJ,PJ_a
INDCOG01,PJ,PJ_a
INDCOG00,PJ,PJ_a
INDCOACOK01,PJ,PJ_a
INDCOACOK00,PJ,PJ_a
INDCOA01,PJ,PJ_a
INDCOA00,PJ,PJ_a
INDBOM01,PJ,PJ_a
INDBOG-LF01,PJ,PJ_a
INDBOG-LF00,PJ,PJ_a
INDBOG-AD01,PJ,PJ_a
INDBIOPOL01,PJ,PJ_a
INDBIOOIL01,PJ,PJ_a
INDBIOLPG01,PJ,PJ_a
INDBIOLFO01,PJ,PJ_a
INDBFG01,PJ,PJ_a
INDBFG00,PJ,PJ_a
INDBENZ01,PJ,PJ_a
INDBENZ00,PJ,PJ_a
IMPURN,PJ,PJ_a
IMPOILPET,PJ,PJ_a
IMPOILMSC,PJ,PJ_a
IMPOILLPG,PJ,PJ_a
IMPOILLFO,PJ,PJ_a
IMPOILKER,PJ,PJ_a
IMPOILJET,PJ,PJ_a
IMPOILHFO,PJ,PJ_a
IMPOILDST,PJ,PJ_a
IMPOILCRD2,PJ,PJ_a
IMPOILCRD1-E,PJ,PJ_a
IMPOILCRD1,PJ,PJ_a
IMPNRGZ,PJ,-
IMPNGA-N,PJ,PJ_a
IMPNGA-LNG,PJ,PJ_a
IMPNGA-EU,PJ,PJ_a
IMPNGA-E,PJ,PJ_a
IMPMATZ,Mt,-
IMPHYL,PJ,PJ_a
IMPETH,PJ,PJ_a
IMPELC-IRE,PJ,PJ_a
IMPELC-EU,PJ,PJ_a
IMPDEMZ,PJ,-
IMPCOK,PJ,PJ_a
IMPCOA-E,PJ,PJ_a
IMPCOACOK,PJ,PJ_a
IMPCOA,PJ,PJ_a
IMPBWODWST,PJ,PJ_a
IMPBWOD,PJ,PJ_a
IMPBVOIL,PJ,PJ_a
IMPBVOFAT,PJ,PJ_a
IMPBSTARCH,PJ,PJ_a
IMPBIOOIL,PJ,PJ_a
IMPBIOKER-FT,PJ,PJ_a
IMPBIOJET-FT,PJ,PJ_a
IMPBIODST-FT,PJ,PJ_a
IMPBIODST,PJ,PJ_a
IMPBGRASS,PJ,PJ_a
IMPAGWST,PJ,PJ_a
IMAINPHYG01,PJ,PJ_a
IMAINPGAS01,PJ,PJ_a
IMAINPGAS00,PJ,PJ_a
IISULCORED01,Mt,Mt_a
IISTGRBFQ01,Mt,Mt_a
IISTGRBF01,Mt,Mt_a
IISSINTER01,Mt,Mt_a
IISSINTER00,Mt,Mt_a
IISSINHRC01,Mt,Mt_a
IISMIDREX01,Mt,Mt_a
IISHRMIMP01,Mt,Mt_a
IISHISARQ01,Mt,Mt_a
IISHISAR01,Mt,Mt_a
IISFINPRO01,Mt,Mt_a
IISFINPRO00,Mt,Mt_a
IISELAFUR03,Mt,Mt_a
IISELAFUR02,Mt,Mt_a
IISELAFUR01,Mt,Mt_a
IISELAFUR00,Mt,Mt_a
IISEAFSPH01,Mt,Mt_a
IISCHPNGA00,PJ,GW
IISCHPHFO00,PJ,GW
IISCHPGT01,PJ,GW
IISCHPFCH01,PJ,GW
IISCHPCOG01,PJ,GW
IISCHPCOG00,PJ,GW
IISCHPCCGTH01,PJ,GW
IISCHPCCGT01,PJ,GW
IISCHPBIOS01,PJ,GW
IISCHPBIOG01,PJ,GW
IISCHPBFG01,PJ,GW
IISCHPBFG00,PJ,GW
IISCASHRM02,Mt,Mt_a
IISCASHRM01,Mt,Mt_a
IISCASHRM00,Mt,Mt_a
IISBOXFUR01,Mt,Mt_a
IISBOXFUR00,Mt,Mt_a
IISBOINGA01,PJ,PJ_a
IISBOIHYG01,PJ,PJ_a
IISBOIHFO00,PJ,PJ_a
IISBOICOG01,PJ,PJ_a
IISBOICOG00,PJ,PJ_a
IISBOIBIOS01,PJ,PJ_a
IISBOIBFG01,PJ,PJ_a
IISBOIBFG00,PJ,PJ_a
IISBLFIMP02,Mt,Mt_a
IISBLFIMP01,Mt,Mt_a
IISBLAFUR01,Mt,Mt_a
IISBLAFUR00,Mt,Mt_a
IISALLTGS01,PJ,PJ_a
IISALLSIN01,PJ,PJ_a
IISALLSIN00,PJ,PJ_a
IISALLEAF01,PJ,PJ_a
IISALLEAF00,PJ,PJ_a
IISALLCHR01,PJ,PJ_a
IISALLCHR00,PJ,PJ_a
IISALLBLF01,PJ,PJ_a
IISALLBLF00,PJ,PJ_a
IFDREFEHFO01,PJ,PJ_a
IFDREFEHFC01,PJ,PJ_a
IFDREFEHFC00,PJ,PJ_a
IFDOTHSTM01,PJ,PJ_a
IFDOTHSTM00,PJ,PJ_a
IFDOTHNGA01,PJ,PJ_a
IFDOTHNGA00,PJ,PJ_a
IFDOTHLFO01,PJ,PJ_a
IFDOTHLFO00,PJ,PJ_a
IFDOTHHFO01,PJ,PJ_a
IFDOTHHFO00,PJ,PJ_a
IFDOTHHDG01,PJ,PJ_a
IFDOTHHCO01,PJ,PJ_a
IFDOTHHCO00,PJ,PJ_a
IFDOTHELC01,PJ,PJ_a
IFDOTHELC00,PJ,PJ_a
IFDOTHBIOS01,PJ,PJ_a
IFDOTHBIOL01,PJ,PJ_a
IFDOTHBIOG01,PJ,PJ_a
IFDMOTELC02,PJ,PJ_a
IFDMOTELC01,PJ,PJ_a
IFDMOTELC00,PJ,PJ_a
IFDLTHSTM01,PJ,PJ_a
IFDLTHSTM00,PJ,PJ_a
IFDLTHNGA02,PJ,PJ_a
IFDLTHNGA01,PJ,PJ_a
IFDLTHNGA00,PJ,PJ_a
IFDLTHLFO02,PJ,PJ_a
IFDLTHLFO01,PJ,PJ_a
IFDLTHLFO00,PJ,PJ_a
IFDLTHHFO02,PJ,PJ_a
IFDLTHHFO01,PJ,PJ_a
IFDLTHHFO00,PJ,PJ_a
IFDLTHHDG02,PJ,PJ_a
IFDLTHHDG01,PJ,PJ_a
IFDLTHHCO02,PJ,PJ_a
IFDLTHHCO01,PJ,PJ_a
IFDLTHHCO00,PJ,PJ_a
IFDLTHELC02,PJ,PJ_a
IFDLTHELC01,PJ,PJ_a
IFDLTHELC00,PJ,PJ_a
IFDLTHBIOS02,PJ,PJ_a
IFDLTHBIOS01,PJ,PJ_a
IFDLTHBIOL02,PJ,PJ_a
IFDLTHBIOL01,PJ,PJ_a
IFDLTHBIOG02,PJ,PJ_a
IFDLTHBIOG01,PJ,PJ_a
IFDDRYSTM01,PJ,PJ_a
IFDDRYSTM00,PJ,PJ_a
IFDDRYNGA02,PJ,PJ_a
IFDDRYNGA01,PJ,PJ_a
IFDDRYNGA00,PJ,PJ_a
IFDDRYLFO02,PJ,PJ_a
IFDDRYLFO01,PJ,PJ_a
IFDDRYLFO00,PJ,PJ_a
IFDDRYHFO02,PJ,PJ_a
IFDDRYHFO01,PJ,PJ_a
IFDDRYHFO00,PJ,PJ_a
IFDDRYHDG02,PJ,PJ_a
IFDDRYHDG01,PJ,PJ_a
IFDDRYHCO02,PJ,PJ_a
IFDDRYHCO01,PJ,PJ_a
IFDDRYHCO00,PJ,PJ_a
IFDDRYELC02,PJ,PJ_a
IFDDRYELC01,PJ,PJ_a
IFDDRYELC00,PJ,PJ_a
IFDDRYBIOS02,PJ,PJ_a
IFDDRYBIOS01,PJ,PJ_a
IFDDRYBIOL02,PJ,PJ_a
IFDDRYBIOL01,PJ,PJ_a
IFDDRYBIOG02,PJ,PJ_a
IFDDRYBIOG01,PJ,PJ_a
IFDCHPNGA00,PJ,GW
IFDCHPLFO00,PJ,GW
IFDCHPHFO00,PJ,GW
IFDCHPGT01,PJ,GW
IFDCHPFCH01,PJ,GW
IFDCHPCOA01,PJ,GW
IFDCHPCOA00,PJ,GW
IFDCHPCCGTH01,PJ,GW
IFDCHPCCGT01,PJ,GW
IFDCHPBIOS01,PJ,GW
IFDCHPBIOS00,PJ,GW
IFDCHPBIOG01,PJ,GW
IFD01,PJ,PJ_a
IFD00,PJ,PJ_a
IDISTELC01,GW,PJ_a
IDISTELC00,GW,PJ_a
ICMPCL01,Mt,Mt_a
ICMLOCARB01,Mt,Mt_a
ICMKLNWST02,Mt,Mt_a
ICMKLNWST01,Mt,Mt_a
ICMKLNSW00,Mt,Mt_a
ICMKLNSD00,Mt,Mt_a
ICMKLNPCQR02,Mt,Mt_a
ICMKLNPCQR01,Mt,Mt_a
ICMKLNPCQ02,Mt,Mt_a
ICMKLNPCQ01,Mt,Mt_a
ICMKLNOCQR01,Mt,Mt_a
ICMKLNOCQ01,Mt,Mt_a
ICMKLNDPC00,Mt,Mt_a
ICMKLND02,Mt,Mt_a
ICMKLND01,Mt,Mt_a
ICMKLND00,Mt,Mt_a
ICMGRIMIX02,Mt,Mt_a
ICMGRIMIX01,Mt,Mt_a
ICMGRIMIX00,Mt,Mt_a
ICHREFEHFO01,PJ,PJ_a
ICHREFEHFC01,PJ,PJ_a
ICHREFEHFC00,PJ,PJ_a
ICHOTHSTM01,PJ,PJ_a
ICHOTHSTM00,PJ,PJ_a
ICHOTHNGA01,PJ,PJ_a
ICHOTHLFO01,PJ,PJ_a
ICHOTHHFO01,PJ,PJ_a
ICHOTHHDG01,PJ,PJ_a
ICHOTHHCO01,PJ,PJ_a
ICHOTHELC01,PJ,PJ_a
ICHOTHELC00,PJ,PJ_a
ICHOTHBIOS01,PJ,PJ_a
ICHOTHBIOL01,PJ,PJ_a
ICHOTHBIOG01,PJ,PJ_a
ICHNEUOTH01,PJ,PJ_a
ICHNEUOTH00,PJ,PJ_a
ICHMOTELC02,PJ,PJ_a
ICHMOTELC01,PJ,PJ_a
ICHMOTELC00,PJ,PJ_a
ICHLTHSTM01,PJ,PJ_a
ICHLTHSTM00,PJ,PJ_a
ICHLTHNGA02,PJ,PJ_a
ICHLTHNGA01,PJ,PJ_a
ICHLTHLFO02,PJ,PJ_a
ICHLTHLFO01,PJ,PJ_a
ICHLTHHFO02,PJ,PJ_a
ICHLTHHFO01,PJ,PJ_a
ICHLTHHDG02,PJ,PJ_a
ICHLTHHDG01,PJ,PJ_a
ICHLTHHCO02,PJ,PJ_a
ICHLTHHCO01,PJ,PJ_a
ICHLTHELC02,PJ,PJ_a
ICHLTHELC01,PJ,PJ_a
ICHLTHELC00,PJ,PJ_a
ICHLTHBIOS02,PJ,PJ_a
ICHLTHBIOS01,PJ,PJ_a
ICHLTHBIOL02,PJ,PJ_a
ICHLTHBIOL01,PJ,PJ_a
ICHLTHBIOG02,PJ,PJ_a
ICHLTHBIOG01,PJ,PJ_a
ICHHVCSCQN01,Mt,Mt_a
ICHHVCSCQH01,Mt,Mt_a
ICHHVCSCQG01,Mt,Mt_a
ICHHVCSCQB01,Mt,Mt_a
ICHHVCSCO01,Mt,Mt_a
ICHHVCSCN01,Mt,Mt_a
ICHHVCSCE01,Mt,Mt_a
ICHHVCSC00,Mt,Mt_a
ICHHVCFTC01,Mt,Mt_a
ICHHVCFTB01,Mt,Mt_a
ICHHTHNGA01,PJ,PJ_a
ICHHTHLFO01,PJ,PJ_a
ICHHTHHFO01,PJ,PJ_a
ICHHTHHDG01,PJ,PJ_a
ICHHTHHCO01,PJ,PJ_a
ICHHTHHCO00,PJ,PJ_a
ICHHTHELC01,PJ,PJ_a
ICHHTHELC00,PJ,PJ_a
ICHDRYSTM01,PJ,PJ_a
ICHDRYSTM00,PJ,PJ_a
ICHDRYNGA02,PJ,PJ_a
ICHDRYNGA01,PJ,PJ_a
ICHDRYLFO02,PJ,PJ_a
ICHDRYLFO01,PJ,PJ_a
ICHDRYHFO02,PJ,PJ_a
ICHDRYHFO01,PJ,PJ_a
ICHDRYHDG02,PJ,PJ_a
ICHDRYHDG01,PJ,PJ_a
ICHDRYHCO02,PJ,PJ_a
ICHDRYHCO01,PJ,PJ_a
ICHDRYELC02,PJ,PJ_a
ICHDRYELC01,PJ,PJ_a
ICHDRYELC00,PJ,PJ_a
ICHDRYBIOS02,PJ,PJ_a
ICHDRYBIOS01,PJ,PJ_a
ICHDRYBIOL02,PJ,PJ_a
ICHDRYBIOL01,PJ,PJ_a
ICHDRYBIOG02,PJ,PJ_a
ICHDRYBIOG01,PJ,PJ_a
ICHCHPPRO01,PJ,GW
ICHCHPPRO00,PJ,GW
ICHCHPNGA00,PJ,GW
ICHCHPLPG01,PJ,GW
ICHCHPLPG00,PJ,GW
ICHCHPLFO00,PJ,GW
ICHCHPHFO00,PJ,GW
ICHCHPGT01,PJ,GW
ICHCHPFCH01,PJ,GW
ICHCHPCOA01,PJ,PJ_a
ICHCHPCOA00,PJ,GW
ICHCHPCCGTH01,PJ,GW
ICHCHPCCGT01,PJ,GW
ICHCHPBIOS01,PJ,GW
ICHCHPBIOS00,PJ,GW
ICHCHPBIOG01,PJ,GW
ICHAMMSRS01,Mt,Mt_a
ICHAMMSRQ01,Mt,Mt_a
ICHAMMSRA01,Mt,Mt_a
ICHAMMSR00,Mt,Mt_a
ICH01,PJ,PJ_a
ICH00,PJ,PJ_a
EXPOILPET,PJ,PJ_a
EXPOILMSC,PJ,PJ_a
EXPOILLPG,PJ,PJ_a
EXPOILLFO,PJ,PJ_a
EXPOILKER,PJ,PJ_a
EXPOILJET,PJ,PJ_a
EXPOILHFO,PJ,PJ_a
EXPOILDST,PJ,PJ_a
EXPOILCRD2,PJ,PJ_a
EXPOILCRD1-E,PJ,PJ_a
EXPOILCRD1,PJ,PJ_a
EXPNGA-IRE,PJ,PJ_a
EXPNGA-EU,PJ,PJ_a
EXPNGA-E,PJ,PJ_a
EXPETH,PJ,PJ_a
EXPELC-IRE,PJ,PJ_a
EXPELC-EU,PJ,PJ_a
EXPCOK,PJ,PJ_a
EXPCOA-E,PJ,PJ_a
EXPCOA,PJ,PJ_a
EWNDONS901,PJ,GW
EWNDONS801,PJ,GW
EWNDONS701,PJ,GW
EWNDONS601,PJ,GW
EWNDONS501,PJ,GW
EWNDONS401,PJ,GW
EWNDONS301,PJ,GW
EWNDONS201,PJ,GW
EWNDONS101,PJ,GW
EWNDONS00,PJ,GW
EWNDOFF301,PJ,GW
EWNDOFF201,PJ,GW
EWNDOFF101,PJ,GW
EWNDOFF00,PJ,GW
EWAV101,PJ,GW
ETRANSGAS01,PJ,PJ_a
ETRANSGAS00,PJ,PJ_a
ETNM01,PJ,GW
ETNM00,PJ,GW
ETIS101,PJ,GW
ETIR101,PJ,GW
ETIB101,PJ,GW
ESTWWST01,PJ,GW
ESTWWST00,PJ,GW
ESTGCAES01,PJ,GW
ESTGBRF01,PJ,GW
ESTGBNAS01,PJ,GW
ESTGBALA01,PJ,GW
ESTGAACAES01,PJ,GW
ESOLPV01,PJ,GW
ESOLPV00,PJ,GW
ESOL01,PJ,GW
ESOL00,PJ,GW
EPOLWST00,PJ,GW
EOILS01,PJ,GW
EOILS00,PJ,GW
EOILL01,PJ,GW
EOILL00,PJ,GW
ENUCPWR102,PJ,GW
ENUCPWR101,PJ,GW
ENUCPWR00,PJ,GW
ENUCAGRO00,PJ,GW
ENUCAGRN00,PJ,GW
ENGAQR01,PJ,GW
ENGAOCT01,PJ,GW
ENGAOCT00,PJ,GW
ENGACCTRR01,PJ,GW
ENGACCTQDEMO01,PJ,GW
ENGACCTQ01,PJ,GW
ENGACCT00,PJ,GW
EMSW01,PJ,GW
EMSW00,PJ,GW
EMANOCT01,PJ,GW
EMANOCT00,PJ,GW
EMAINPGAS01,PJ,PJ_a
EMAINPGAS00,PJ,PJ_a
ELCWNDONS01,PJ,PJ_a
ELCWNDONS00,PJ,PJ_a
ELCWNDOFS01,PJ,PJ_a
ELCWNDOFS00,PJ,PJ_a
ELCWAV01,PJ,PJ_a
ELCURN01,PJ,PJ_a
ELCURN00,PJ,PJ_a
ELCTID01,PJ,PJ_a
ELCSTWWST01,PJ,PJ_a
ELCSTWWST00,PJ,PJ_a
ELCSOL01,PJ,PJ_a
ELCSOL00,PJ,PJ_a
ELCPOLWST01,PJ,PJ_a
ELCPOLWST00,PJ,PJ_a
ELCPELL01,PJ,PJ_a
ELCPELL00,PJ,PJ_a
ELCPELH01,PJ,PJ_a
ELCNGA01,PJ,PJ_a
ELCNGA00,PJ,PJ_a
ELCMSWORG01,PJ,PJ_a
ELCMSWORG00,PJ,PJ_a
ELCMSWINO01,PJ,PJ_a
ELCMSWINO00,PJ,PJ_a
ELCMSC01,PJ,PJ_a
ELCMSC00,PJ,PJ_a
ELCLPG01,PJ,PJ_a
ELCLPG00,PJ,PJ_a
ELCLFO01,PJ,PJ_a
ELCLFO00,PJ,PJ_a
ELCII01,PJ,PJ_a
ELCII00,PJ,PJ_a
ELCIE01,PJ,PJ_a
ELCIE00,PJ,PJ_a
ELCHYGI01,PJ,PJ_a
ELCHYGD01,PJ,PJ_a
ELCHYG01,PJ,PJ_a
ELCHYD01,PJ,PJ_a
ELCHYD00,PJ,PJ_a
ELCHFO01,PJ,PJ_a
ELCHFO00,PJ,PJ_a
ELCGEO01,PJ,PJ_a
ELCGEO00,PJ,PJ_a
ELCEI01,PJ,PJ_a
ELCEI00,PJ,PJ_a
ELCEE01,PJ,PJ_a
ELCEE00,PJ,PJ_a
ELCCOG01,PJ,PJ_a
ELCCOG00,PJ,PJ_a
ELCCOA01,PJ,PJ_a
ELCCOA00,PJ,PJ_a
ELCBOM01,PJ,PJ_a
ELCBOM00,PJ,PJ_a
ELCBOG-SW01,PJ,PJ_a
ELCBOG-SW00,PJ,PJ_a
ELCBOG-LF01,PJ,PJ_a
ELCBOG-LF00,PJ,PJ_a
ELCBOG-AD01,PJ,PJ_a
ELCBIOOIL01,PJ,PJ_a
ELCBIOLFO01,PJ,PJ_a
ELCBIOCOA01,PJ,GW
ELCBFG01,PJ,PJ_a
ELCBFG00,PJ,PJ_a
EHYGOCT01,PJ,GW
EHYGCCT01,PJ,GW
EHYDPMP01,PJ,GW
EHYDPMP00,PJ,GW
EHYD01,PJ,GW
EHYD00,PJ,GW
EHFOIGCCQ01,PJ,GW
EHFOIGCC01,PJ,GW
EGEO01,PJ,GW
ECOARR01,PJ,GW
ECOAQR01,PJ,GW
ECOAQDEMO01,PJ,GW
ECOAQ01,PJ,GW
ECOABIO00,PJ,GW
ECOA00,PJ,GW
ECAESTUR01,PJ,GW
ECAESCON01,PJ,GW
EBOG-SWE01,PJ,GW
EBOG-SWE00,PJ,GW
EBOG-LFE01,PJ,GW
EBOG-LFE00,PJ,GW
EBOG-ADE01,PJ,GW
EBIOS00,PJ,GW
EBIOQ01,PJ,GW
EBIO01,PJ,GW
CCSSOS01,ktCO2,ktCO2_a
CCSSNS01,ktCO2,ktCO2_a
CCSSAQ01,ktCO2,ktCO2_a
CCSPIP01,kt,ktCO2_a
ATRA01,PJ,PJ_a
ATRA00,PJ,PJ_a
AMAINPHYG01,PJ,PJ_a
AMAINPGAS01,PJ,PJ_a
AMAINPGAS00,PJ,PJ_a
ALUFOR01,Mha,Mha_a
ALU01,Mha,Mha_a
ALU00,Mha,Mha_a
AHTBLRO01,PJ,PJ_a
AHTBLRO00,PJ,PJ_a
AHTBLRH01,PJ,PJ_a
AHTBLRG01,PJ,PJ_a
AHTBLRG00,PJ,PJ_a
AHTBLRC00,PJ,PJ_a
AHTBLRB01,PJ,PJ_a
AHTBLRB00,PJ,PJ_a
AGRPOLWST01,PJ,PJ_a
AGRPOLWST00,PJ,PJ_a
AGRNGA01,PJ,PJ_a
AGRNGA00,PJ,PJ_a
AGRLPG01,PJ,PJ_a
AGRLPG00,PJ,PJ_a
AGRLFO01,PJ,PJ_a
AGRLFO00,PJ,PJ_a
AGRLAND01,Mha,Mha_a
AGRLAND00,Mha,Mha_a
AGRHYG01,PJ,PJ_a
AGRHFO01,PJ,PJ_a
AGRHFO00,PJ,PJ_a
AGRGRASS01,PJ,PJ_a
AGRGRASS00,PJ,PJ_a
AGRELC01,PJ,PJ_a
AGRELC00,PJ,PJ_a
AGRCOA00,PJ,PJ_a
AGRBOM01,PJ,PJ_a
AGRBIOLPG01,PJ,PJ_a
AGRBIODST01,PJ,PJ_a
AGDMANION01,kt,kt_a
AGDBST01,kt,kt_a
AGBGENION01,kt,kt_a
AELC01,PJ,PJ_a
AELC00,PJ,PJ_a
ADISTELC01,GW,PJ_a
ADISTELC00,GW,PJ_a
ACTILLAGE01,kt,kt_a
ACNINHIBIT01,kt,kt_a
ACNEWSPEC01,kt,kt_a
ACFERT01,kt,kt_a
ACDRAIN01,kt,kt_a
ACCOMPOST01,kt,kt_a